Row Labels,CY2012,CY2013,CY2014,CY2015,CY2016,CY2017,CY2018,CY2019,CY2020,CY2021,CY2022,CY2023,CY2024,CY2025
015-331-04,1886,1886,1886,1886,1886,1886,,,,,,,,
015-331-004,,,,,,,1886,1886,1886,1886,1886,1886,1886,1886
015-331-10,5862,5862,5862,5862,5862,5862,,,,,,,,
015-331-010,,,,,,,5862,5862,5862,5862,5862,5862,5862,5862
015-331-28,1856,1856,1856,1856,1856,1856,,,,,,,,
015-331-028,,,,,,,1856,1856,1856,1856,1856,1856,1856,1856
016-292-34,316,316,316,316,316,316,,,,,,,,
016-292-034,,,,,,,316,316,316,,,,,
016-410-11,544,544,544,544,544,544,,,,,,,,
016-410-011,,,,,,,544,544,544,544,544,544,544,544
016-410-10,8592,8592,8592,8592,8592,8592,,,,,,,,
016-410-012,,,,,,,8592,8592,8592,8592,8592,8592,8592,8592
018-320-12,1163,,1163,1163,1163,1163,,,,,,,,
018-320-11,,1163,,,,,,,,,,,,
018-320-018,,,,,,,1163,1163,1163,1163,1163,1163,1163,1163
022-210-30,25780,25780,25780,25780,25780,25780,,,,,,,,
022-210-030,,,,,,,25780,25780,25780,25780,25780,25780,25780,25780
022-210-32,49809,49809,49809,49809,49809,49809,,,,,,,,
022-210-032,,,,,,,49809,49809,49809,49809,49809,49809,49809,49809
023-111-32,4476,4476,4476,4476,4476,4476,,,,,,,,
023-111-032,,,,,,,4476,4476,4476,4476,4476,4476,4476,4476
023-111-36,1812,1812,1812,1812,1812,1812,,,,,,,,
023-111-036,,,,,,,1812,1812,1812,1812,1812,1812,1812,1812
023-111-37,6354,6354,6354,6354,6354,6354,,,,,,,,
023-111-037,,,,,,,6354,6354,6354,6354,6354,6354,6354,6354
023-132-21,820,820,820,820,820,820,,,,,,,,
023-132-021,,,,,,,820,820,820,820,820,820,820,820
023-151-09,1220,1220,1220,1220,1220,1220,,,,,,,,
023-151-009,,,,,,,1220,1220,1220,1220,1220,1220,1220,1220
023-161-17,8454,8454,8454,8454,8454,8454,,,,,,,,
023-161-017,,,,,,,8454,8454,8454,8454,8454,8454,8454,8454
023-161-33,5787,5787,5787,5787,5787,5787,,,,,,,,
023-161-033,,,,,,,5787,5787,5787,5787,5787,5787,5787,5787
023-161-34,3230,3230,3230,3230,3230,3230,,,,,,,,
023-161-034,,,,,,,3230,3230,3230,3230,3230,3230,3230,3230
023-171-10,734,734,734,734,734,734,,,,,,,,
023-171-010,,,,,,,734,734,734,734,734,734,734,734
023-171-11,3425,3425,3425,3425,3425,3425,,,,,,,,
023-171-011,,,,,,,3425,3425,3425,3425,3425,3425,3425,3425
023-171-18,3608,3608,3608,3608,3608,3608,,,,,,,,
023-171-018,,,,,,,3608,3608,3608,3608,3608,3608,3608,3608
023-171-23,12784,12784,12784,12784,12784,12784,,,,,,,,
023-171-023,,,,,,,12784,12784,12784,12784,12784,12784,12784,12784
023-171-24,7075,7075,7075,7075,7075,7075,,,,,,,,
023-171-024,,,,,,,7075,7075,7075,7075,7075,7075,7075,7075
023-172-01,7843,7843,7843,7843,7843,7843,,,,,,,,
023-172-001,,,,,,,7843,7843,7843,7843,7843,7843,7843,7843
023-172-022,,,,,,,1067,1067,1067,1067,1067,1067,1067,1067
023-172-034,,,,,,,2557,2557,2557,2557,2557,2557,2557,2557
023-172-035,,,,,,,100,100,100,100,100,100,100,100
023-172-22,1067,1067,1067,1067,1067,1067,,,,,,,,
023-172-34,2557,2557,2557,2557,2557,2557,,,,,,,,
023-172-35,100,100,100,100,100,100,,,,,,,,
023-181-010,,,,,,,7668,7668,7668,7668,7668,7668,7668,7668
023-181-019,,,,,,,2483,2483,2483,2483,2483,2483,2483,2483
023-181-022,,,,,,,2814,2814,2814,2814,2814,2814,2814,2814
023-181-10,7668,7668,7668,7668,7668,7668,,,,,,,,
023-181-19,2483,2483,2483,2483,2483,2483,,,,,,,,
023-181-22,2814,2814,2814,2814,2814,2814,,,,,,,,
023-181-038,,,,,,,,,,,2520,2520,2520,2520
023-181-43,3924,3924,3924,3924,3924,3924,,,,,,,,
023-181-47,1716,1716,1716,1716,1716,1716,,,,,,,,
023-181-043,,,,,,,3924,3924,3924,3924,3924,3924,3924,3924
023-181-047,,,,,,,1716,1716,1716,1716,1716,1716,1716,1716
023-182-01,13860,13860,13860,13860,13860,13860,,,,,,,,
023-182-001,,,,,,,13860,13860,13860,13860,13860,13860,13860,13860
023-182-06,1525,1525,1525,1525,1525,1525,,,,,,,,
023-182-006,,,,,,,1525,1525,1525,1525,1525,1525,1525,1525
023-182-29,1791,1791,1791,1791,1791,1791,,,,,,,,
023-182-30,4617,4617,4617,4617,4617,4617,,,,,,,,
023-182-029,,,,,,,1791,1791,1791,1791,1791,1791,1791,1791
023-182-030,,,,,,,4617,4617,4617,4617,4617,4617,4617,4617
023-191-18,4431,4431,4431,4431,4431,4431,,,,,,,,
023-191-21,9918,9918,9918,9918,9918,9918,,,,,,,,
023-191-23,14782,14782,14782,14782,14782,14782,,,,,,,,
023-191-018,,,,,,,4431,4431,4431,4431,4431,4431,4431,4431
023-191-021,,,,,,,9918,9918,9918,9918,9918,9918,9918,9918
023-191-023,,,,,,,14782,14782,14782,14782,14782,14782,14782,14782
023-192-008,,,,,,,5656,5656,5656,5656,5656,5656,5656,5656
023-192-08,5656,5656,5656,5656,5656,5656,,,,,,,,
023-201-04,5687,5687,5687,5687,5687,5687,,,,,,,,
023-201-004,,,,,,,5687,5687,5687,5687,5687,5687,5687,5687
023-201-11,24779,24779,24779,24779,24779,24779,,,,,,,,
023-201-011,,,,,,,24779,24779,24779,24779,24779,24779,24779,24779
023-201-21,16862,16862,16862,16862,16862,16862,,,,,,,,
023-201-021,,,,,,,16862,16862,16862,16862,16862,16862,16862,16862
023-201-22,2080,2080,2080,2080,2080,2080,,,,,,,,
023-201-29,14604,14604,14604,14604,14604,14604,,,,,,,,
023-201-30,9429,9429,9429,9429,9429,9429,,,,,,,,
023-201-36,2730,2730,2730,2730,2730,2730,,,,,,,,
023-201-38,2343,2343,2343,2343,2343,2343,,,,,,,,
023-201-022,,,,,,,2080,2080,2080,2080,2080,2080,2080,2080
023-201-029,,,,,,,14604,14604,14604,14604,14604,14604,14604,14604
023-201-030,,,,,,,9429,9429,9429,9429,9429,9429,9429,9429
023-201-036,,,,,,,2730,2730,2730,2730,2730,2730,2730,2730
023-201-038,,,,,,,2343,2343,2343,2343,2343,2343,2343,2343
023-201-042,,,,,,,3077,3077,3077,3077,3077,3077,3077,3077
023-201-043,,,,,,,953,953,953,953,953,953,953,953
023-201-044,,,,,,,176,176,176,176,176,176,176,176
023-201-053,,,,,,,10701,10701,10701,10701,10701,10701,10701,10701
023-201-055,,,,,,,2610,2610,2610,2610,2610,2610,2610,2610
023-201-057,,,,,,,5763,5763,5763,5763,5763,5763,5763,5763
023-201-058,,,,,,,7236,7236,7236,7236,7236,7236,7236,7236
023-201-060,,,,,,,3276,3276,3276,3276,3276,3276,3276,3276
023-201-061,,,,,,,1402,1402,1402,1402,1402,1402,1402,1402
023-201-063,,,,,,,290,290,290,290,290,290,290,290
023-201-067,,,,,,,3909,3909,3909,3909,3909,3909,3909,3909
023-201-070,,,,,,,2849,2849,2849,2849,2849,2849,2849,2849
023-201-071,,,,,,,3489,3489,3489,3489,3489,3489,3489,3489
023-201-075,,,,,,,73441,73441,73441,73441,73441,73441,73441,73441
023-201-42,3077,3077,3077,3077,3077,3077,,,,,,,,
023-201-43,953,953,953,953,953,953,,,,,,,,
023-201-44,176,176,176,176,176,176,,,,,,,,
023-201-53,10701,10701,10701,10701,10701,10701,,,,,,,,
023-201-55,2610,2610,2610,2610,2610,2610,,,,,,,,
023-201-57,5763,5763,5763,5763,5763,5763,,,,,,,,
023-201-58,7236,7236,7236,7236,7236,7236,,,,,,,,
023-201-60,3276,3276,3276,3276,3276,3276,,,,,,,,
023-201-61,1402,1402,1402,1402,1402,1402,,,,,,,,
023-201-63,290,290,290,290,290,290,,,,,,,,
023-201-67,3909,3909,3909,3909,3909,3909,,,,,,,,
023-201-70,2849,2849,2849,2849,2849,2849,,,,,,,,
023-201-71,3489,3489,3489,3489,3489,3489,,,,,,,,
023-201-75,73441,73441,73441,73441,73441,73441,,,,,,,,
023-211-01,1230,1230,1230,1230,1230,1230,,,,,,,,
023-211-001,,,,,,,1230,1230,1230,1230,1230,1230,1230,1230
023-211-03,1940,1940,1940,1940,1940,1940,,,,,,,,
023-211-003,,,,,,,1940,1940,1940,1940,1940,1940,1940,1940
023-211-05,13302,13302,13302,13302,13302,13302,,,,,,,,
023-211-005,,,,,,,13302,13302,13302,13302,13302,13302,13302,13302
023-211-19,11722,11722,11722,11722,11722,11722,,,,,,,,
023-211-019,,,,,,,11722,11722,11722,11722,11722,11722,11722,11722
023-211-21,3258,3258,3258,3258,3258,3258,,,,,,,,
023-211-021,,,,,,,3258,3258,3258,3258,3258,3258,3258,3258
023-211-25,8305,8305,8305,8305,8305,8305,,,,,,,,
023-211-28,4680,4680,4680,4680,4680,4680,,,,,,,,
023-211-025,,,,,,,8305,8305,8305,8305,8305,8305,8305,8305
023-211-028,,,,,,,4680,4680,4680,4680,4680,4680,4680,4680
023-211-032,,,,,,,3475,3475,3475,3475,3475,3475,3475,3475
023-211-036,,,,,,,1208,1208,1208,1208,1208,1208,1208,1208
023-211-037,,,,,,,2424,2424,2424,2424,2424,2424,2424,2424
023-211-039,,,,,,,1441,1441,1441,1441,1441,1441,1441,1441
023-211-040,,,,,,,4212,4212,4212,4212,4212,4212,4212,4212
023-211-042,,,,,,,1559,1559,1559,1559,1559,1559,1559,1559
023-211-045,,,,,,,358,358,358,358,358,358,358,358
023-211-047,,,,,,,7992,7992,7992,7992,7992,7992,7992,7992
023-211-048,,,,,,,7654,7654,7654,7654,7654,7654,7654,7654
023-211-049,,,,,,,1303,1303,1303,1303,1303,1303,1303,1303
023-211-32,3475,3475,3475,3475,3475,3475,,,,,,,,
023-211-36,1208,1208,1208,1208,1208,1208,,,,,,,,
023-211-37,2424,2424,2424,2424,2424,2424,,,,,,,,
023-211-39,1441,1441,1441,1441,1441,1441,,,,,,,,
023-211-40,4212,4212,4212,4212,4212,4212,,,,,,,,
023-211-42,1559,1559,1559,1559,1559,1559,,,,,,,,
023-211-45,358,358,358,358,358,358,,,,,,,,
023-211-47,7992,7992,7992,7992,7992,7992,,,,,,,,
023-211-48,7654,7654,7654,7654,7654,7654,,,,,,,,
023-211-49,1303,1303,1303,1303,1303,1303,,,,,,,,
023-221-009,,,,,,,8456,8456,8456,8456,8456,8456,8456,8456
023-221-011,,,,,,,3022,3022,3022,3022,3022,3022,3022,3022
023-221-017,,,,,,,980,980,980,980,980,980,980,980
023-221-018,,,,,,,3296,3296,3296,3296,3296,3296,3296,3296
023-221-022,,,,,,,5889,5889,5889,5889,5889,5889,5889,5889
023-221-032,,,,,,,3367,3367,3367,3367,3367,3367,3367,3367
023-221-034,,,,,,,6035,6035,6035,6035,6035,6035,6035,6035
023-221-09,8456,8456,8456,8456,8456,8456,,,,,,,,
023-221-11,3022,3022,3022,3022,3022,3022,,,,,,,,
023-221-17,980,980,980,980,980,980,,,,,,,,
023-221-18,3296,3296,3296,3296,3296,3296,,,,,,,,
023-221-22,5889,5889,5889,5889,5889,5889,,,,,,,,
023-221-32,3367,3367,3367,3367,3367,3367,,,,,,,,
023-221-34,6035,6035,6035,6035,6035,6035,,,,,,,,
023-231-004,,,,,,,15318,15318,15318,15318,15318,15318,15318,15318
023-231-006,,,,,,,5568,5568,5568,5568,5568,5568,5568,5568
023-231-011,,,,,,,1469,1469,1469,1469,1469,1469,1469,1469
023-231-017,,,,,,,7051,7051,7051,7051,7051,7051,7051,7051
023-231-018,,,,,,,4306,4306,4306,4306,4306,4306,4306,4306
023-231-019,,,,,,,3760,3760,3760,3760,3760,3760,3760,3760
023-231-025,,,,,,,59440,59440,59440,59440,59440,59440,59440,59440
023-231-04,15318,15318,15318,15318,15318,15318,,,,,,,,
023-231-06,5568,5568,5568,5568,5568,5568,,,,,,,,
023-231-11,1469,1469,1469,1469,1469,1469,,,,,,,,
023-231-17,7051,7051,7051,7051,7051,7051,,,,,,,,
023-231-18,4306,4306,4306,4306,4306,4306,,,,,,,,
023-231-19,3760,3760,3760,3760,3760,3760,,,,,,,,
023-231-25,59440,59440,59440,59440,59440,59440,,,,,,,,
023-241-011,,,,,,,4372,4372,4372,4372,4372,4372,4372,4372
023-241-015,,,,,,,13681,13681,13681,13681,13681,13681,13681,13681
023-241-022,,,,,,,1600,1600,1600,1600,1600,1600,1600,1600
023-241-040,,,,,,,1241,1241,1241,1241,1241,1241,1241,1241
023-241-052,,,,,,,2652,2652,2652,2652,2652,2652,2652,2652
023-241-053,,,,,,,3301,3301,3301,3301,3301,3301,3301,3301
023-241-054,,,,,,,4443,4443,4443,4443,4443,4443,4443,4443
023-241-056,,,,,,,1887,1887,1887,1887,1887,1887,1887,1887
023-241-11,4372,4372,4372,4372,4372,4372,,,,,,,,
023-241-15,13681,13681,13681,13681,13681,13681,,,,,,,,
023-241-22,1600,1600,1600,1600,1600,1600,,,,,,,,
023-241-23,1641,1641,1641,0,0,0,,,,,,,,
023-241-023,,,,,,,0,0,0,0,0,0,0,0
023-241-40,1241,1241,1241,1241,1241,1241,,,,,,,,
023-241-52,2652,2652,2652,2652,2652,2652,,,,,,,,
023-241-53,3301,3301,3301,3301,3301,3301,,,,,,,,
023-241-54,4443,4443,4443,4443,4443,4443,,,,,,,,
023-241-56,1887,1887,1887,1887,1887,1887,,,,,,,,
023-251-007,,,,,,,8368,8368,8368,8368,8368,8368,8368,8368
023-251-008,,,,,,,3021,3021,3021,3021,3021,3021,3021,3021
023-251-017,,,,,,,5403,5403,5403,5403,5403,5403,5403,5403
023-251-018,,,,,,,635,635,635,635,635,635,635,635
023-251-022,,,,,,,1897,1897,1897,1897,1897,1897,1897,1897
023-251-028,,,,,,,1309,1309,1309,1309,1309,1309,1309,1309
023-251-030,,,,,,,1376,1376,1376,1376,1376,1376,1376,1376
023-251-031,,,,,,,1129,1129,1129,1129,1129,1129,1129,1129
023-251-07,8368,8368,8368,8368,8368,8368,,,,,,,,
023-251-08,3021,3021,3021,3021,3021,3021,,,,,,,,
023-251-17,5403,5403,5403,5403,5403,5403,,,,,,,,
023-251-18,635,635,635,635,635,635,,,,,,,,
023-251-22,1897,1897,1897,1897,1897,1897,,,,,,,,
023-251-28,1309,1309,1309,1309,1309,1309,,,,,,,,
023-251-30,1376,1376,1376,1376,1376,1376,,,,,,,,
023-251-31,1129,1129,1129,1129,1129,1129,,,,,,,,
023-281-005,,,,,,,1917,1917,1917,1917,1917,1917,1917,1917
023-281-022,,,,,,,2638,2638,2638,2638,2638,2638,2638,2638
023-281-023,,,,,,,603,603,603,603,603,603,603,603
023-281-05,1917,1917,1917,1917,1917,1917,,,,,,,,
023-281-22,2638,2638,2638,2638,2638,2638,,,,,,,,
023-281-23,603,603,603,603,603,603,,,,,,,,
023-291-005,,,,,,,3548,3548,3548,3548,3548,3548,3548,3548
023-291-006,,,,,,,2499,2499,2499,2499,2499,2499,2499,2499
023-291-008,,,,,,,4730,4730,4730,4730,4730,4730,4730,4730
023-291-016,,,,,,,13634,13634,13634,13634,13634,13634,13634,13634
023-291-05,3548,3548,3548,3548,3548,3548,,,,,,,,
023-291-06,2499,2499,2499,2499,2499,2499,,,,,,,,
023-291-08,4730,4730,4730,4730,4730,4730,,,,,,,,
023-291-16,13634,13634,13634,13634,13634,13634,,,,,,,,
023-301-007,,,,,,,9088,9088,9088,9088,9088,9088,9088,9088
023-301-011,,,,,,,20285,20285,20285,20285,20285,20285,20285,20285
023-301-07,9088,9088,9088,9088,9088,9088,,,,,,,,
023-301-11,20285,20285,20285,20285,20285,20285,,,,,,,,
023-311-013,,,,,,,12886,12886,12886,12886,12886,12886,12886,12886
023-311-020,,,,,,,720,720,720,720,720,720,720,720
023-311-023,,,,,,,4415,4415,4415,4415,4415,4415,4415,4415
023-311-027,,,,,,,450,450,450,450,450,450,450,450
023-311-040,,,,,,,4277,4277,4277,4277,4277,4277,4277,4277
023-311-042,,,,,,,2561,2561,2561,2561,2561,2561,2561,2561
023-311-044,,,,,,,2884,2884,2884,2884,2884,2884,2884,2884
023-311-045,,,,,,,7568,7568,7568,7568,7568,7568,7568,7568
023-311-046,,,,,,,2133,2133,2133,2133,2133,2133,2133,2133
023-311-047,,,,,,,4766,4766,4766,4766,4766,4766,4766,4766
023-311-048,,,,,,,8330,8330,8330,8330,8330,8330,8330,8330
023-311-052,,,,,,,1748,1748,1748,1748,1748,1748,1748,1748
023-311-054,,,,,,,1551,1551,1551,1551,1551,1551,1551,1551
023-311-055,,,,,,,2004,2004,2004,2004,2004,2004,2004,2004
023-311-13,12886,12886,12886,12886,12886,12886,,,,,,,,
023-311-20,720,720,720,720,720,720,,,,,,,,
023-311-23,4415,4415,4415,4415,4415,4415,,,,,,,,
023-311-27,450,450,450,450,450,450,,,,,,,,
023-311-40,4277,4277,4277,4277,4277,4277,,,,,,,,
023-311-42,2561,2561,2561,2561,2561,2561,,,,,,,,
023-311-44,2884,2884,2884,2884,2884,2884,,,,,,,,
023-311-45,7568,7568,7568,7568,7568,7568,,,,,,,,
023-311-46,2133,2133,2133,2133,2133,2133,,,,,,,,
023-311-47,4766,4766,4766,4766,4766,4766,,,,,,,,
023-311-48,8330,8330,8330,8330,8330,8330,,,,,,,,
023-311-52,1748,1748,1748,1748,1748,1748,,,,,,,,
023-311-54,1551,1551,1551,1551,1551,1551,,,,,,,,
023-311-55,2004,2004,2004,2004,2004,2004,,,,,,,,
023-341-017,,,,,,,1211,1211,1211,1211,1211,1211,1211,1211
023-341-17,1211,1211,1211,1211,1211,1211,,,,,,,,
023-351-018,,,,,,,16950,16950,16950,16950,16950,16950,16950,16950
023-351-18,16950,16950,16950,16950,16950,16950,,,,,,,,
023-362-024,,,,,,,6675,6675,6675,6675,6675,6675,6675,6675
023-362-24,6675,6675,6675,6675,6675,6675,,,,,,,,
023-374-008,,,,,,,1408,1408,1408,1408,1408,1408,1408,1408
023-374-02,6982,6982,6982,6982,6982,0,,,,,,,,
023-374-002,,,,,,,0,0,0,0,0,0,0,0
023-374-08,1408,1408,1408,1408,1408,1408,,,,,,,,
023-391-005,,,,,,,3887,3887,3887,3887,3887,3887,3887,3887
023-391-05,3887,3887,3887,3887,3887,3887,,,,,,,,
023-392-012,,,,,,,1653,1653,1653,1653,1653,1653,1653,1653
023-392-013,,,,,,,287,287,287,287,287,287,287,287
023-392-018,,,,,,,2121,2121,2121,2121,2121,2121,2121,2121
023-392-019,,,,,,,1207,1207,1207,1207,1207,1207,1207,1207
023-392-03,21180,21180,21180,21180,21180,0,,,,,,,,
023-392-003,,,,,,,0,0,0,0,0,0,0,0
023-392-046,,,,,,,2036,2036,2036,2036,2036,2036,2036,2036
023-392-047,,,,,,,0,0,0,0,0,0,0,0
023-392-12,1653,1653,1653,1653,1653,1653,,,,,,,,
023-392-13,287,287,287,287,287,287,,,,,,,,
023-392-18,2121,2121,2121,2121,2121,2121,,,,,,,,
023-392-19,1207,1207,1207,1207,1207,1207,,,,,,,,
023-392-46,2036,2036,2036,2036,2036,2036,,,,,,,,
023-392-47,3800,3800,3800,3800,3800,0,,,,,,,,
023-393-003,,,,,,,0,0,0,0,0,0,0,0
023-393-027,,,,,,,0,0,0,0,0,0,0,0
023-393-028,,,,,,,0,0,0,0,0,0,0,0
023-393-03,8851,8851,8851,8851,8851,0,,,,,,,,
023-393-27,4684,4684,4684,4684,4684,0,,,,,,,,
023-393-28,4728,4728,4728,4728,4728,0,,,,,,,,
023-411-024,,,,,,,2134,2134,2134,2134,2134,2134,2134,2134
023-411-24,2134,2134,2134,2134,2134,2134,,,,,,,,
023-421-001,,,,,,,30888,30888,30888,30888,30888,30888,30888,30888
023-421-01,30888,30888,30888,30888,30888,30888,,,,,,,,
023-430-029,,,,,,,4491,4491,4491,4491,4491,4491,4491,4491
023-430-030,,,,,,,10793,10793,10793,10793,10793,10793,10793,10793
023-430-032,,,,,,,151508,151508,151508,151508,151508,151508,151508,151508
023-430-036,,,,,,,19373,19373,19373,19373,19373,19373,19373,19373
023-430-038,,,,,,,6328,6328,6328,6328,6328,,,
023-430-041,,,,,,,1625,1625,1625,1625,1625,1625,1625,1625
023-430-043,,,,,,,,,,,,6328,6328,6328
023-430-29,4491,4491,4491,4491,4491,4491,,,,,,,,
023-430-30,10793,10793,10793,10793,10793,10793,,,,,,,,
023-430-32,151508,151508,151508,151508,151508,151508,,,,,,,,
023-430-36,19373,19373,19373,19373,19373,19373,,,,,,,,
023-430-38,6328,6328,6328,6328,6328,6328,,,,,,,,
023-430-41,1625,1625,1625,1625,1625,1625,,,,,,,,
023-522-006,,,,,,,3780,3780,3780,3780,3780,3780,3780,3780
023-522-012,,,,,,,5639,5639,5639,5639,5639,5639,5639,5639
023-522-014,,,,,,,1258,1258,1258,1258,1258,1258,1258,1258
023-522-06,3780,3780,3780,3780,3780,3780,,,,,,,,
023-522-12,5639,5639,5639,5639,5639,5639,,,,,,,,
023-522-14,1258,1258,1258,1258,1258,1258,,,,,,,,
023-523-005,,,,,,,1272,1272,1272,1272,1272,1272,1272,1272
023-523-008,,,,,,,6819,6819,6819,6819,6819,6819,6819,6819
023-523-011,,,,,,,2424,2424,2424,2424,2424,2424,2424,2424
023-523-013,,,,,,,1911,1911,1911,1911,1911,1911,1911,
023-523-05,1272,1272,1272,1272,1272,1272,,,,,,,,
023-523-08,6819,6819,6819,6819,6819,6819,,,,,,,,
023-523-11,2424,2424,2424,2424,2424,2424,,,,,,,,
023-523-13,1911,1911,1911,1911,1911,1911,,,,,,,,
023-553-002,,,,,,,424,424,424,424,424,424,424,424
023-553-02,424,424,424,424,424,424,,,,,,,,
023-683-006,,,,,,,2524,2524,2524,2524,2524,2524,2524,2524
023-683-010,,,,,,,7726,7726,7726,7726,7726,7726,7726,7726
023-683-06,2524,2524,2524,2524,2524,2524,,,,,,,,
023-683-10,7726,7726,7726,7726,7726,7726,,,,,,,,
023-684-013,,,,,,,5759,5759,5759,5759,5759,5759,5759,5759
023-684-13,5759,5759,5759,5759,5759,5759,,,,,,,,
025-010-023,,,,,,,21815,21815,21815,21815,21815,21815,21815,21815
025-010-031,,,,,,,76949,76949,76949,76949,76949,76949,76949,76949
025-010-043,,,,,,,5249,5249,5249,5249,5249,5249,5249,5249
025-010-045,,,,,,,4453,4453,4453,4453,4453,4453,4453,4453
025-010-047,,,,,,,5444,5444,5444,5444,5444,5444,5444,5444
025-010-23,21815,21815,21815,21815,21815,21815,,,,,,,,
025-010-31,76949,76949,76949,76949,76949,76949,,,,,,,,
025-010-43,5249,5249,5249,5249,5249,5249,,,,,,,,
025-010-45,4453,4453,4453,4453,4453,4453,,,,,,,,
025-010-47,5444,5444,5444,5444,5444,5444,,,,,,,,
026-075-019,,,,,,,3300,3300,3300,0,0,0,0,0
026-075-19,4518,4518,4518,4518,3718,3300,,,,,,,,
026-078-017,,,,,,,14219,14219,14219,14219,14219,14219,14219,14219
026-078-17,14219,14219,14219,14219,14219,14219,,,,,,,,
026-083-005,,,,,,,635,635,635,635,635,635,635,635
026-083-010,,,,,,,89,89,89,89,89,89,89,89
026-083-05,635,635,635,635,635,635,,,,,,,,
026-083-10,89,89,89,89,89,89,,,,,,,,
026-086-006,,,,,,,12211,12211,12211,12211,12211,12211,12211,12211
026-086-011,,,,,,,8950,8950,8950,8950,8950,8950,8950,8950
026-086-013,,,,,,,5651,5651,5651,5651,5651,5651,5651,5651
026-086-06,12211,12211,12211,12211,12211,12211,,,,,,,,
026-086-11,8950,8950,8950,8950,8950,8950,,,,,,,,
026-086-13,5651,,,5651,5651,5651,,,,,,,,
026-086-08,,5651,5651,,,,,,,,,,,
026-088-022,,,,,,,1795,1795,1795,1795,1795,1795,1795,1795
026-088-22,1795,1795,1795,1795,1795,1795,,,,,,,,
026-089-009,,,,,,,8754,8754,8754,8754,8754,8754,8754,8754
026-089-010,,,,,,,19016,19016,17616,17616,17616,17616,17616,17616
026-089-09,8754,8754,8754,8754,8754,8754,,,,,,,,
026-089-10,19016,19016,19016,19016,19016,19016,,,,,,,,
026-113-014,,,,,,,12582,12582,12582,12582,12582,12582,12582,12582
026-113-14,12582,12582,12582,12582,12582,12582,,,,,,,,
026-114-022,,,,,,,1295,1295,1295,1295,1295,1295,1295,1295
026-114-026,,,,,,,17141,17141,17141,17141,17141,17141,17141,17141
026-114-027,,,,,,,1305,1305,1305,1305,1305,1305,1305,1305
026-114-22,1295,1295,1295,1295,1295,1295,,,,,,,,
026-114-26,17141,17141,17141,17141,17141,17141,,,,,,,,
026-114-27,1305,1305,1305,1305,1305,1305,,,,,,,,
026-221-022,,,,,,,1010,1010,1010,1010,1010,1010,1010,1010
026-221-027,,,,,,,4797,4797,4797,4797,4797,4797,4797,4797
026-221-038,,,,,,,857,857,857,857,857,857,857,857
026-221-053,,,,,,,6956,6956,6956,6956,6956,6956,6956,6956
026-221-22,1010,1010,1010,1010,1010,1010,,,,,,,,
026-221-27,4797,4797,4797,4797,4797,4797,,,,,,,,
026-221-38,857,857,857,857,857,857,,,,,,,,
026-221-53,6956,6956,6956,6956,6956,6956,,,,,,,,
026-231-011,,,,,,,34767,34767,34767,34767,34767,34767,34767,34767
026-231-013,,,,,,,983,983,983,983,983,983,983,983
026-231-017,,,,,,,827,827,827,827,827,827,827,827
026-231-11,34767,34767,34767,34767,34767,34767,,,,,,,,
026-231-13,983,983,983,983,983,983,,,,,,,,
026-231-17,827,827,827,827,827,827,,,,,,,,
027-010-002,,,,,,,176,176,176,176,176,176,176,176
027-010-013,,,,,,,4577,4577,4577,4577,4577,4577,4577,4577
027-010-02,176,176,176,176,176,176,,,,,,,,
027-010-030,,,,,,,,,,,168,168,168,168
027-010-13,4577,4577,4577,4577,4577,4577,,,,,,,,
027-020-009,,,,,,,5790,5790,5790,5790,5790,5790,5790,5790
027-020-015,,,,,,,30075,30075,30075,30075,30075,30075,30075,30075
027-020-09,5790,5790,5790,5790,5790,5790,,,,,,,,
027-020-15,30075,30075,30075,30075,30075,30075,,,,,,,,
027-040-044,,,,,,,29850,29850,29850,29850,29850,29850,29850,29850
027-040-07,6272,6272,6272,6272,6272,0,,,,,,,,
027-071-030,,,,,,,10465,10465,10465,10465,10465,10465,10465,10465
027-071-031,,,,,,,19941,19941,19941,19941,19941,19941,19941,19941
027-071-30,10465,10465,10465,10465,10465,10465,,,,,,,,
027-071-31,19941,19941,19941,19941,19941,19941,,,,,,,,
027-072-023,,,,,,,2165,2165,2165,2165,2165,2165,2165,2165
027-072-033,,,,,,,3974,3974,3974,3974,3974,3974,3974,3974
027-072-23,3974,3974,3974,3974,3974,3974,,,,,,,,
027-072-33,2814,2814,2814,2814,2814,2814,,,,,,,,
027-083-008,,,,,,,2640,2640,2640,2640,2640,2640,2640,2640
027-083-08,2640,2640,2640,2640,2640,2640,,,,,,,,
027-090-006,,,,,,,10409,10409,10409,10409,10409,10409,10409,10409
027-090-011,,,,,,,1068,1068,1068,1068,1068,1068,1068,1068
027-090-016,,,,,,,19839,19839,19839,19839,19839,19839,19839,19839
027-090-020,,,,,,,1780,1780,1780,1780,1780,1780,1780,1780
027-090-022,,,,,,,13213,13213,13213,13213,13213,13213,13213,13213
027-090-023,,,,,,,699,699,699,699,699,699,699,699
027-090-025,,,,,,,10315,10315,10315,10315,10315,10315,10315,10315
027-090-06,10409,10409,10409,10409,10409,10409,,,,,,,,
027-090-11,1068,1068,1068,1068,1068,1068,,,,,,,,
027-090-16,19839,19839,19839,19839,19839,19839,,,,,,,,
027-090-20,1780,1780,1780,1780,1780,1780,,,,,,,,
027-090-22,13213,13213,13213,13213,13213,13213,,,,,,,,
027-090-23,699,699,699,699,699,699,,,,,,,,
027-090-25,8776,8776,8776,10315,10315,10315,,,,,,,,
027-101-002,,,,,,,3909,3909,3909,3909,3909,3909,3909,3909
027-101-017,,,,,,,3026,3026,3026,3026,3026,3026,3026,3026
027-101-02,3909,3909,3909,3909,3909,3909,,,,,,,,
027-101-028,,,,,,,6831,6831,6831,6831,6831,6831,6831,6831
027-101-17,3026,3026,3026,3026,3026,3026,,,,,,,,
027-101-28,6831,6831,6831,6831,6831,6831,,,,,,,,
027-111-011,,,,,,,5895,5895,5895,5895,5895,5895,5895,5895
027-111-11,5895,5895,5895,5895,5895,5895,,,,,,,,
027-112-19,6288,6288,6288,6288,6288,,,,,,,,,
027-122-019,,,,,,,1487,1487,1487,1487,1487,1487,1487,1487
027-122-020,,,,,,,,,,,,,,
027-122-021,,,,,,,1579,1579,1579,1579,1579,1579,1579,1579
027-122-19,1487,1487,1487,1487,1487,1487,,,,,,,,
027-122-20,5290,5290,5290,5290,5290,,,,,,,,,
027-122-21,1579,1579,1579,1579,1579,1579,,,,,,,,
027-124-008,,,,,,,3166,3166,3166,3166,3166,3166,3166,3166
027-124-08,3166,3166,3166,3166,3166,3166,,,,,,,,
027-125-016,,,,,,,936,936,936,936,936,936,936,936
027-125-018,,,,,,,808,808,808,808,808,808,808,808
027-125-024,,,,,,,2702,2702,2702,2702,2702,2702,2702,2702
027-125-16,936,936,936,936,936,936,,,,,,,,
027-125-18,808,808,808,808,808,808,,,,,,,,
027-125-24,2702,2702,2702,2702,2702,2702,,,,,,,,
027-133-027,,,,,,,995,995,995,995,995,995,995,995
027-133-27,995,995,995,995,995,995,,,,,,,,
027-135-006,,,,,,,1520,1520,1520,1520,1520,1520,1520,1520
027-135-012,,,,,,,1938,1938,1938,1938,1938,1938,1938,1938
027-135-06,1520,1520,1520,1520,1520,1520,,,,,,,,
027-135-12,1938,1938,1938,1938,1938,1938,,,,,,,,
027-151-034,,,,,,,2071,2071,2071,2071,2071,2071,2071,2071
027-151-34,2071,2071,2071,2071,2071,2071,,,,,,,,
027-153-031,,,,,,,941,941,941,941,941,941,941,941
027-153-032,,,,,,,1900,1900,1900,1900,1900,1900,1900,1900
027-153-31,941,941,941,941,941,941,,,,,,,,
027-153-32,1900,1900,1900,1900,1900,1900,,,,,,,,
027-155-002,,,,,,,2187,2187,2187,2187,2187,2187,2187,2187
027-155-02,2187,2187,2187,2187,2187,2187,,,,,,,,
027-163-025,,,,,,,781,781,781,781,781,781,781,781
027-163-030,,,,,,,2915,2915,2915,2915,2915,2915,2915,2915
027-163-25,781,781,781,781,781,781,,,,,,,,
027-163-30,2915,2915,2915,2915,2915,2915,,,,,,,,
027-170-002,,,,,,,5416,5416,5416,5416,5416,5416,5416,5416
027-170-009,,,,,,,18284,18284,18284,18284,18284,18284,18284,18284
027-170-012,,,,,,,8272,8272,8272,8272,8272,8272,8272,8272
027-170-015,,,,,,,10280,10280,10280,10280,10280,10280,10280,10280
027-170-02,5416,5416,5416,5416,5416,5416,,,,,,,,
027-170-09,18284,18284,18284,18284,18284,18284,,,,,,,,
027-170-12,8272,8272,8272,8272,8272,8272,,,,,,,,
027-170-15,10280,10280,10280,10280,10280,10280,,,,,,,,
027-180-019,,,,,,,62981,62981,62981,62981,62981,62981,62981,62981
027-180-19,62981,62981,62981,62981,62981,62981,,,,,,,,
027-311-009,,,,,,,1991,1991,1991,1991,1991,1991,1991,1991
027-311-024,,,,,,,1242,1242,1242,1242,1242,1242,1242,1242
027-311-025,,,,,,,1804,1804,1804,1804,1804,1804,1804,1804
027-311-09,1991,1991,1991,1991,1991,1991,,,,,,,,
027-311-24,1242,1242,1242,1242,1242,1242,,,,,,,,
027-311-25,1804,1804,1804,1804,1804,1804,,,,,,,,
027-312-029,,,,,,,1006,1006,1006,1006,1006,1006,1006,1006
027-312-030,,,,,,,193,193,193,193,193,193,193,193
027-312-29,1006,1006,1006,1006,1006,1006,,,,,,,,
027-312-30,193,193,193,193,193,193,,,,,,,,
027-344-047,,,,,,,506,506,506,506,506,506,506,506
027-344-47,506,506,506,506,506,506,,,,,,,,
027-350-015,,,,,,,1555,1555,1555,1555,1555,1555,1555,1555
027-350-15,1555,1555,1555,1555,1555,1555,,,,,,,,
027-361-004,,,,,,,20063,20063,20063,20063,20063,20063,20063,20063
027-361-016,,,,,,,8619,8619,8619,8619,8619,8619,8619,8619
027-361-04,20063,20063,20063,20063,20063,20063,,,,,,,,
027-361-16,8619,,,8619,8619,8619,,,,,,,,
027-361-14,,8619,8619,,,,,,,,,,,
027-362-003,,,,,,,9727,9727,9727,9727,9727,9727,9727,9727
027-362-007,,,,,,,6626,6626,6626,6626,6626,6626,6626,6626
027-362-010,,,,,,,1783,1783,1783,1783,1783,1783,1783,1783
027-362-03,9727,9727,9727,9727,9727,9727,,,,,,,,
027-362-07,6626,6626,6626,6626,6626,6626,,,,,,,,
027-362-10,1783,1783,1783,1783,1783,1783,,,,,,,,
027-364-022,,,,,,,3841,3841,3841,3841,3841,3841,3841,3841
027-364-025,,,,,,,9314,9314,9314,9314,9314,9314,9314,9314
027-364-028,,,,,,,5829,5829,5829,5829,5829,5829,5829,5829
027-364-22,3841,3841,3841,3841,3841,3841,,,,,,,,
027-364-25,9314,9314,9314,9314,9314,9314,,,,,,,,
027-364-28,5829,,5829,5829,5829,5829,,,,,,,,
027-364-20,,5829,,,,,,,,,,,,
027-371-002,,,,,,,1665,1665,1665,1665,1665,1665,1665,1665
027-371-02,1665,1665,1665,1665,1665,1665,,,,,,,,
027-690-002,,,,,,,5975,5975,5975,5975,5975,5975,5975,5975
027-690-006,,,,,,,20685,20685,20685,20685,20685,20685,20685,20685
027-690-007,,,,,,,6915,6915,6915,6915,6915,6915,6915,6915
027-690-010,,,,,,,1030,1030,1030,1030,1030,1030,1030,1030
027-690-011,,,,,,,420,420,420,420,420,420,420,420
027-690-018,,,,,,,17290,17290,17290,17290,17290,17290,17290,17290
027-690-02,5975,5975,5975,5975,5975,5975,,,,,,,,
027-690-06,20685,20685,20685,20685,20685,20685,,,,,,,,
027-690-07,6915,6915,6915,6915,6915,6915,,,,,,,,
027-690-10,1030,1030,1030,1030,1030,1030,,,,,,,,
027-690-11,420,420,420,420,420,420,,,,,,,,
028-081-006,,,,,,,2667,2667,2667,2667,2667,2667,2667,2667
028-081-008,,,,,,,2843,2843,2843,2843,2843,2843,2843,2843
028-081-06,2667,2667,2667,2667,2667,2667,,,,,,,,
028-081-08,2843,2843,2843,2843,2843,2843,,,,,,,,
029-051-010,,,,,,,,,,,650,650,650,650
029-051-014,,,,,,,368,368,368,368,368,368,368,368
029-051-015,,,,,,,1156,1156,1156,1156,1156,1156,1156,1156
029-051-10,,,,,,,,,,,,,,
029-051-14,368,368,368,368,368,368,,,,,,,,
029-051-15,1156,1156,1156,1156,1156,1156,,,,,,,,
029-061-001,,,,,,,43026,43026,43026,43026,43026,43026,43026,43026
029-061-01,43026,43026,43026,43026,43026,43026,,,,,,,,
029-065-006,,,,,,,1615,1615,1615,1615,1615,1615,1615,1615
029-065-007,,,,,,,1934,1934,1934,1934,1934,1934,1934,1934
029-065-008,,,,,,,1006,1006,1006,1006,1006,1006,1006,1006
029-065-009,,,,,,,4407,4407,4407,4407,4407,4407,4407,4407
029-065-06,1615,1615,1615,1615,1615,1615,,,,,,,,
029-065-07,1934,1934,1934,1934,1934,1934,,,,,,,,
029-065-08,1006,1006,1006,1006,1006,1006,,,,,,,,
029-065-09,4407,4407,4407,4407,4407,4407,,,,,,,,
029-081-017,,,,,,,4784,4784,4784,4784,4784,4784,4784,4784
029-081-17,4784,4784,4784,4784,4784,4784,,,,,,,,
029-083-016,,,,,,,1756,1756,1756,10320,10320,10320,10320,10320
029-083-019,,,,,,,5838,5838,5838,5838,5838,5838,5838,5838
029-083-16,1756,1756,1756,1756,1756,1756,,,,,,,,
029-083-19,5838,5838,5838,5838,5838,5838,,,,,,,,
029-095-008,,,,,,,5366,5366,5366,5366,5366,5366,5366,5366
029-095-08,5366,5366,5366,5366,5366,5366,,,,,,,,
029-161-016,,,,,,,1406,1406,1406,1406,1406,1406,1406,1406
029-161-017,,,,,,,525,525,525,525,525,525,525,525
029-161-025,,,,,,,11793,11793,11793,11793,11793,11793,11793,11793
029-161-16,1406,1406,1406,1406,1406,1406,,,,,,,,
029-161-17,525,525,525,525,525,525,,,,,,,,
029-161-25,11793,11793,11793,11793,11793,11793,,,,,,,,
029-170-003,,,,,,,5831,5831,5831,5831,5831,5831,5831,5831
029-170-004,,,,,,,6911,6911,6911,6911,6911,6911,6911,6911
029-170-005,,,,,,,2046,2046,2046,2046,2046,2046,2046,2046
029-170-03,5831,5831,5831,5831,5831,5831,,,,,,,,
029-170-04,6911,6911,6911,6911,6911,6911,,,,,,,,
029-170-05,2046,2046,2046,2046,2046,2046,,,,,,,,
029-190-032,,,,,,,,,,,,,1972,1972
029-331-004,,,,,,,1071,1071,1071,1071,1071,1071,1071,1071
029-331-04,1071,1071,1071,1071,1071,1071,,,,,,,,
029-371-012,,,,,,,874,874,874,874,874,874,874,874
029-371-016,,,,,,,8023,8023,8023,8023,8023,8023,8023,8023
029-371-12,874,874,874,874,874,874,,,,,,,,
029-371-16,8023,8023,8023,8023,8023,8023,,,,,,,,
029-442-008,,,,,,,187249,187249,187249,187249,187249,187249,187249,187249
029-442-08,187249,187249,187249,187249,187249,187249,,,,,,,,
029-470-002,,,,,,,199174,199174,199174,199174,199174,199174,199174,199174
029-470-017,,,,,,,5122,5122,5122,5122,5122,5122,5122,5122
029-470-02,199174,199174,199174,199174,199174,199174,,,,,,,,
029-470-17,,,,5122,5122,5122,,,,,,,,
029-480-001,,,,,,,12659,12659,12659,12659,12659,12659,12659,12659
029-480-01,12659,12659,12659,12659,12659,12659,,,,,,,,
029-470-016,,,,,,,,,,,,,,1331
029-610-024,,,,,,,3293,3293,3293,3293,3293,3293,3293,3293
029-610-24,3293,3293,3293,3293,3293,3293,,,,,,,,
029-641-002,,,,,,,6307,6307,6307,6307,6307,6307,6307,6307
029-067-08,,,6307,6307,6307,,,,,,,,,
029-641-02,,,,,,6307,,,,,,,,
029-701-002,,,,,,,6500,6500,6500,6500,6500,6500,6500,6500
029-066-09,,,6500,,,,,,,,,,,
029-066-21,,,,15347,15347,,,,,,,,,
029-690-02,,,,,,6500,,,,,,,,
029-700-001,,,,,,,8847,8847,8847,8847,8847,8847,8847,8847
029-067-05,,,8847,,,,,,,,,,,
029-691-02,,,,,,8847,,,,,,,,
030-352-002,,,,,,,1689,1689,1689,1689,1689,1689,1689,1689
030-352-02,1689,1689,1689,1689,1689,1689,,,,,,,,
030-363-021,,,,,,,4384,4384,4384,4384,4384,4384,4384,4384
030-363-21,4384,4384,4384,4384,4384,4384,,,,,,,,
030-370-004,,,,,,,57387,57387,57387,57387,57387,57387,57387,57387
030-370-04,57387,57387,57387,57387,57387,57387,,,,,,,,
031-020-017,,,,,,,14615,14615,14615,14615,14615,14615,14615,14615
031-020-027,,,,,,,1262,1262,1262,1262,1262,1262,1262,1262
031-020-041,,,,,,,35212,35212,35212,35212,35212,35212,35212,35212
031-020-17,14615,14615,14615,14615,14615,14615,,,,,,,,
031-020-27,1262,1262,1262,1262,1262,1262,,,,,,,,
031-020-41,35212,35212,35212,35212,35212,35212,,,,,,,,
031-030-007,,,,,,,4180,3750,3750,3750,3750,3750,3750,3750
031-030-008,,,,,,,3188,3188,3188,3188,3188,3188,3188,3188
031-030-012,,,,,,,1494,1494,1494,1494,1494,1494,1494,1494
031-030-019,,,,,,,6527,6527,6527,6527,6527,6527,6527,6527
031-030-025,,,,,,,0,0,0,0,0,0,0,0
031-030-032,,,,,,,4894,4894,4894,4894,4894,4894,4894,4894
031-030-037,,,,,,,2986,2986,2986,2986,2986,2986,2986,2986
031-030-038,,,,,,,3159,3159,3159,3159,3159,3159,3159,3159
031-030-07,4180,4180,4180,4180,4180,4180,,,,,,,,
031-030-08,3188,3188,3188,3188,3188,3188,,,,,,,,
031-030-12,1494,1494,1494,1494,1494,1494,,,,,,,,
031-030-19,6527,6527,6527,6527,6527,6527,,,,,,,,
031-030-25,1428,1428,1428,1428,1428,1428,,,,,,,,
031-030-32,4894,4894,4894,4894,4894,4894,,,,,,,,
031-030-37,2986,2986,2986,2986,2986,2986,,,,,,,,
031-030-38,3159,3159,3159,3159,3159,3159,,,,,,,,
031-041-002,,,,,,,2134,2134,2134,2134,2134,2134,2134,2134
031-041-009,,,,,,,241,241,241,241,241,241,241,241
031-041-010,,,,,,,7521,7521,7521,7521,7521,7521,7521,7521
031-041-02,2134,2134,2134,2134,2134,2134,,,,,,,,
031-041-09,241,241,241,241,241,241,,,,,,,,
031-041-10,7521,7521,7521,7521,7521,7521,,,,,,,,
031-062-003,,,,,,,1803,1803,1803,1803,1803,1803,1803,1803
031-062-03,1803,1803,1803,1803,1803,1803,,,,,,,,
031-071-001,,,,,,,1943,1943,1943,1943,1943,1943,1943,1943
031-071-003,,,,,,,2557,2557,2557,2557,2557,2557,2557,2557
031-071-006,,,,,,,9981,9981,9981,9981,9981,9981,9981,9981
031-071-01,1943,1943,1943,1943,1943,1943,,,,,,,,
031-071-03,2557,2557,2557,2557,2557,2557,,,,,,,,
031-071-06,9981,9981,9981,9981,9981,9981,,,,,,,,
031-072-001,,,,,,,1053,1053,1053,1053,1053,1053,1053,1053
031-072-002,,,,,,,2043,2043,2043,2043,2043,2043,2043,2043
031-072-007,,,,,,,9828,9828,9828,9828,9828,9828,9828,9828
031-072-01,1053,1053,1053,1053,1053,1053,,,,,,,,
031-072-02,2043,2043,2043,2043,2043,2043,,,,,,,,
031-072-07,9828,9828,9828,9828,9828,9828,,,,,,,,
031-073-003,,,,,,,1520,1520,1520,1520,1520,1520,1520,1520
031-073-005,,,,,,,3561,3561,3561,3561,3561,3561,3561,3561
031-073-009,,,,,,,3583,3583,3583,3583,3583,3583,3583,3583
031-073-012,,,,,,,4753,4753,4753,4753,4753,4753,4753,4753
031-073-014,,,,,,,1640,1640,1640,1640,1640,1640,1640,1640
031-073-03,1520,1520,1520,1520,1520,1520,,,,,,,,
031-073-05,3561,3561,3561,3561,3561,3561,,,,,,,,
031-073-09,3583,3583,3583,3583,3583,3583,,,,,,,,
031-073-12,4753,4753,4753,4753,4753,4753,,,,,,,,
031-073-14,1640,1640,1640,1640,1640,1640,,,,,,,,
031-081-008,,,,,,,3376,3376,3376,3376,3376,3376,3376,3376
031-081-009,,,,,,,1759,1759,1759,1759,1759,1759,1759,1759
031-081-08,3376,3376,3376,3376,3376,3376,,,,,,,,
031-081-09,1759,1759,1759,1759,1759,1759,,,,,,,,
031-083-010,,,,,,,2184,2184,2184,1884,1884,1884,1884,1884
031-083-10,2184,2184,2184,2184,2184,2184,,,,,,,,
031-091-005,,,,,,,2597,2597,2597,2597,2597,2597,2597,2597
031-091-05,2597,2597,2597,2597,2597,2597,,,,,,,,
031-093-001,,,,,,,1200,1200,1200,1200,1200,1200,1200,1200
031-093-01,1200,1200,1200,1200,1200,1200,,,,,,,,
031-101-003,,,,,,,3967,3967,3967,3967,3967,3967,3967,3967
031-101-011,,,,,,,1568,1568,1568,1568,1568,1568,1568,1568
031-101-016,,,,,,,1528,1528,1528,1528,1528,1528,1528,1528
031-101-03,3967,3967,3967,3967,3967,3967,,,,,,,,
031-101-11,1568,1568,1568,1568,1568,1568,,,,,,,,
031-101-16,1528,1528,1528,1528,1528,1528,,,,,,,,
031-103-013,,,,,,,1881,1881,1881,1881,1881,1881,1881,1881
031-103-13,1881,1881,1881,1881,1881,1881,,,,,,,,
031-241-023,,,,,,,12002,12002,12002,12002,12002,12002,12002,12002
031-241-24,,5443,5443,,,,,,,,,,,
031-241-25,,146,146,,,,,,,,,,,
031-241-26,5589,,,9121,9121,9121,,,,,,,,
031-241-026,,,,,,,9121,9121,9121,9121,9121,9121,9121,9121
031-241-23,12002,12002,12002,12002,12002,12002,,,,,,,,
031-256-003,,,,,,,1568,1568,1568,1568,1568,,,
031-256-03,1568,1568,1568,1568,1568,1568,,,,,,,,
031-257-001,,,,,,,2195,2195,2195,2195,2195,2195,2195,2195
031-257-007,,,,,,,3797,3797,3797,3797,3797,3797,3797,
031-257-01,2195,2195,2195,2195,2195,2195,,,,,,,,
031-257-07,3797,3797,3797,3797,3797,3797,,,,,,,,
031-258-002,,,,,,,2919,2919,2919,2919,2919,2919,2919,2919
031-258-006,,,,,,,4472,4472,4472,4472,4472,4472,4472,4472
031-258-007,,,,,,,1805,1805,1805,1805,1805,1805,1805,1805
031-258-018,,,,,,,1685,1685,1685,1685,1685,1685,1685,1685
031-258-019,,,,,,,6446,6446,6446,6446,6446,6446,6446,6446
031-258-02,2919,2919,2919,2919,2919,2919,,,,,,,,
031-258-06,4472,4472,4472,4472,4472,4472,,,,,,,,
031-258-07,1805,1805,1805,1805,1805,1805,,,,,,,,
031-258-18,1685,1685,1685,1685,1685,1685,,,,,,,,
031-258-19,6446,6446,6446,6446,6446,6446,,,,,,,,
031-290-002,,,,,,,17801,17801,17801,17801,17801,17801,17801,17801
031-290-02,17801,17801,17801,17801,17801,17801,,,,,,,,
031-290-024,,,,,,,4514,4514,4514,4514,4514,4514,4514,4514
031-290-025,,,,,,,9552,9552,9552,9552,9552,9552,9552,9552
031-290-028,,,,,,,2201,2201,2201,2201,2201,2201,2201,2201
031-290-030,,,,,,,4456,4456,4456,4456,4456,4456,4456,4456
031-290-034,,,,,,,1307,1307,1307,1307,1307,1307,1307,1307
031-290-035,,,,,,,5608,5608,5608,5608,5608,5608,5608,5608
031-290-036,,,,,,,8836,8836,8836,8836,8836,8836,8836,8836
031-290-041,,,,,,,1091,1091,1091,1091,1091,1091,1091,1091
031-290-047,,,,,,,2028,2028,2028,2028,2028,2028,2028,2028
031-290-24,4514,4514,4514,4514,4514,4514,,,,,,,,
031-290-25,9552,9552,9552,9552,9552,9552,,,,,,,,
031-290-28,2201,2201,2201,2201,2201,2201,,,,,,,,
031-290-30,4456,4456,4456,4456,4456,4456,,,,,,,,
031-290-34,1307,1307,1307,1307,1307,1307,,,,,,,,
031-290-35,5608,5608,5608,5608,5608,5608,,,,,,,,
031-290-36,8836,8836,8836,8836,8836,8836,,,,,,,,
031-290-41,1091,1091,1091,1091,1091,1091,,,,,,,,
031-290-47,2028,2028,2028,2028,2028,2028,,,,,,,,
032-100-010,,,,,,,1649,1649,1649,1649,1649,1649,1649,1649
032-100-10,1649,1649,1649,1649,1649,1649,,,,,,,,
032-141-03,932,932,932,0,0,0,,,,,,,,
032-141-033,,,,,,,3605,3605,3605,3605,3605,3605,3605,3605
032-141-035,,,,,,,6795,6795,6795,6795,6795,6795,6795,6795
032-141-33,3605,3605,3605,3605,3605,3605,,,,,,,,
032-141-35,6795,6795,6795,6795,6795,6795,,,,,,,,
032-181-002,,,,,,,3583,3583,3583,3583,3583,3583,3583,3583
032-181-003,,,,,,,2221,2221,2221,2221,2221,2221,2221,2221
032-181-02,3583,3583,3583,3583,3583,3583,,,,,,,,
032-181-03,2221,2221,2221,2221,2221,2221,,,,,,,,
032-191-002,,,,,,,7937,7937,7937,7937,7937,7937,7937,7937
032-191-010,,,,,,,2326,2326,2326,2326,2326,2326,2326,2326
032-191-011,,,,,,,1033,1033,1033,1033,1033,1033,1033,1033
032-191-012,,,,,,,5000,5000,5000,5000,5000,,,
032-191-014,,,,,,,2102,2102,2102,2102,2102,2102,2102,2102
032-191-015,,,,,,,4637,4637,4637,4637,4637,4637,4637,4637
032-191-02,7937,7937,7937,7937,7937,7937,,,,,,,,
032-191-020,,,,,,,5432,5432,5432,5432,5432,5432,5432,5432
032-191-021,,,,,,,34791,34791,34791,34791,34791,34791,34791,34791
032-191-023,,,,,,,749,749,749,749,749,749,749,749
032-191-10,2326,2326,2326,2326,2326,2326,,,,,,,,
032-191-11,1033,1033,1033,1033,1033,1033,,,,,,,,
032-191-12,5000,5000,5000,5000,5000,5000,,,,,,,,
032-191-14,2102,2102,2102,2102,2102,2102,,,,,,,,
032-191-15,4637,4637,4637,4637,4637,4637,,,,,,,,
032-191-20,5432,5432,5432,5432,5432,5432,,,,,,,,
032-191-21,3064,3064,3064,3064,3064,34791,,,,,,,,
032-191-23,749,749,749,749,749,749,,,,,,,,
032-192-009,,,,,,,2381,2381,2381,2381,3522,3522,3522,3522
032-192-09,2381,2381,2381,2381,2381,2381,,,,,,,,
032-201-003,,,,,,,3748,3748,3748,3748,3748,3748,3748,3748
032-201-005,,,,,,,814,814,814,814,814,814,814,814
032-201-012,,,,,,,908,908,908,908,908,908,908,908
032-201-013,,,,,,,,6473,6473,6473,6473,6473,6473,6473
032-201-014,,,,,,,1701,1701,1701,1701,1701,1701,1701,1701
032-201-018,,,,,,,7989,7989,7989,7989,7989,7989,7989,7989
032-201-023,,,,,,,336,336,336,336,336,336,336,336
032-201-03,3748,3748,3748,3748,3748,3748,,,,,,,,
032-201-05,814,814,814,814,814,814,,,,,,,,
032-201-12,908,908,908,908,908,908,,,,,,,,
032-201-14,1701,1701,1701,1701,1701,1701,,,,,,,,
032-201-18,7989,7989,7989,7989,7989,7989,,,,,,,,
032-201-23,336,336,336,336,336,336,,,,,,,,
032-291-015,,,,,,,9961,11847,11847,11847,11847,11847,11847,11847
032-291-016,,,,,,,5072,5072,5072,5072,5072,5072,5072,5072
032-291-017,,,,,,,5724,5724,5724,5724,5724,5724,5724,5724
032-291-023,,,,,,,13583,13583,13583,13583,13583,13583,13583,13583
032-291-025,,,,,,,12284,12284,12284,12284,12284,12284,12284,12284
032-291-027,,,,,,,23573,23573,23573,23573,23573,23573,23573,23573
032-291-030,,,,,,,5595,5595,5595,5595,5595,5595,5595,5595
032-291-036,,,,,,,2543,2543,2543,2543,2543,2543,2543,2543
032-291-15,9961,9961,9961,9961,9961,9961,,,,,,,,
032-291-16,5072,5072,5072,5072,5072,5072,,,,,,,,
032-291-17,5724,5724,5724,5724,5724,5724,,,,,,,,
032-291-23,13583,13583,13583,13583,13583,13583,,,,,,,,
032-291-25,12284,12284,12284,12284,12284,12284,,,,,,,,
032-291-27,23573,23573,23573,23573,23573,23573,,,,,,,,
032-291-30,5595,5595,5595,5595,5595,5595,,,,,,,,
032-291-36,2543,2543,2543,2543,2543,2543,,,,,,,,
032-312-002,,,,,,,5490,5490,5490,5490,5490,5490,5490,5490
032-312-008,,,,,,,4498,4498,4498,4498,4498,4498,4498,4498
032-312-009,,,,,,,4906,4906,4906,4906,4906,4906,4906,4906
032-312-014,,,,,,,5557,5557,5557,5557,5557,5557,5557,5557
032-312-015,,,,,,,5391,5391,5391,5391,5391,5391,5391,5391
032-312-02,5490,5490,5490,5490,5490,5490,,,,,,,,
032-312-08,4498,4498,4498,4498,4498,4498,,,,,,,,
032-312-09,4906,4906,4906,4906,4906,4906,,,,,,,,
032-312-14,5557,5557,5557,5557,5557,5557,,,,,,,,
032-312-15,5391,5391,5391,5391,5391,5391,,,,,,,,
032-313-003,,,,,,,1144,1144,1144,1144,1144,1144,1144,1144
032-313-014,,,,,,,3275,3275,3275,3275,3275,3275,3275,3275
032-313-015,,,,,,,1629,1629,1629,1629,1629,1629,1629,1629
032-313-019,,,,,,,10232,10232,10232,10232,10232,10232,10232,10232
032-313-020,,,,,,,22355,22355,22355,22355,22355,22355,22355,22355
032-313-022,,,,,,,310,310,310,310,310,310,310,310
032-313-023,,,,,,,3334,3334,3334,3334,3334,3334,3334,3334
032-313-03,1144,1144,1144,1144,1144,1144,,,,,,,,
032-313-030,,,,,,,10422,10422,10422,10422,10422,10422,10422,10422
032-313-032,,,,,,,21913,21913,21913,21913,21913,21913,21913,21913
032-313-038,,,,,,,7044,7044,7044,7044,7044,7044,7044,7044
032-313-043,,,,,,,4756,4756,4756,4756,4756,4756,4756,4756
032-313-14,3275,3275,3275,3275,3275,3275,,,,,,,,
032-313-15,1629,1629,1629,1629,1629,1629,,,,,,,,
032-313-19,10232,10232,10232,10232,10232,10232,,,,,,,,
032-313-20,22355,22355,22355,22355,22355,22355,,,,,,,,
032-313-22,310,310,310,310,310,310,,,,,,,,
032-313-23,3334,3334,3334,3334,3334,3334,,,,,,,,
032-313-30,10422,10422,10422,10422,10422,10422,,,,,,,,
032-313-32,21913,21913,21913,21913,21913,21913,,,,,,,,
032-313-35,12246,12246,12246,12246,12246,12246,,,,,,,,
032-313-035,,,,,,,12246,12246,12246,12246,12246,12246,12246,12246
032-313-38,7044,7044,7044,7044,7044,7044,,,,,,,,
032-313-43,4756,4756,4756,4756,4756,4756,,,,,,,,
032-314-002,,,,,,,18443,18443,18443,18443,18443,18443,18443,18443
032-314-003,,,,,,,18526,18526,18526,18526,18526,18526,18526,18526
032-314-016,,,,,,,2618,2618,2618,2618,2618,2618,2618,2618
032-314-02,18443,18443,18443,18443,18443,18443,,,,,,,,
032-314-03,18526,18526,18526,18526,18526,18526,,,,,,,,
032-314-032,,,,,,,12438,12438,12438,12438,12438,12438,12438,12438
032-314-035,,,,,,,29436,29436,29436,29436,29436,29436,29436,29436
032-314-037,,,,,,,10393,10393,10393,10393,10393,10393,10393,10393
032-314-038,,,,,,,1199,1199,1199,1199,1199,1199,1199,1199
032-314-16,2618,2618,2618,2618,2618,2618,,,,,,,,
032-314-32,12438,12438,12438,12438,12438,12438,,,,,,,,
032-314-35,29436,29436,29436,29436,29436,29436,,,,,,,,
032-314-37,9793,,,9793,9793,9793,,,,,,,,
032-314-14,,10992,10992,,,,,,,,,,,
032-314-38,1199,,,1199,1199,1199,,,,,,,,
032-470-001,,,,,,,2633,2633,2633,2633,2633,2633,2633,2633
032-470-01,2633,2633,2633,2633,2633,2633,,,,,,,,
032-510-001,,,,,,,4167,4167,4167,4167,4167,4167,4167,4167
032-510-002,,,,,,,2835,2835,2835,2835,2835,2835,2835,2835
032-510-007,,,,,,,1296,1296,1296,1296,1296,1296,1296,1296
032-510-008,,,,,,,1020,1020,1020,1020,1020,1020,1020,1020
032-510-009,,,,,,,1296,1296,1296,1296,1296,1296,1296,1296
032-510-01,4167,4167,4167,4167,4167,4167,,,,,,,,
032-510-010,,,,,,,,,,,,,,
032-510-012,,,,,,,4906,4906,4906,4906,4906,4906,4906,4906
032-510-02,2835,2835,2835,2835,2835,2835,,,,,,,,
032-510-07,1296,1296,1296,1296,1296,1296,,,,,,,,
032-510-08,1020,1020,1020,1020,1020,1020,,,,,,,,
032-510-09,1296,1296,1296,1296,1296,1296,,,,,,,,
032-510-12,4906,4906,4906,4906,4906,4906,,,,,,,,
033-050-023,,,,,,,7260,7260,7260,7260,7260,7260,7260,7260
033-050-21,7260,7260,7260,7260,7260,7260,,,,,,,,
033-090-007,,,,,,,2227,2227,2227,2227,2227,2227,2227,2227
033-090-07,2227,2227,2227,2227,2227,2227,,,,,,,,
033-131-005,,,,,,,24590,24590,24590,24590,24590,24590,24590,24590
033-131-05,24590,24590,24590,24590,24590,24590,,,,,,,,
033-132-002,,,,,,,4107,4107,4107,4107,4107,4107,4107,4107
033-132-02,4107,4107,4107,4107,4107,4107,,,,,,,,
033-151-004,,,,,,,2622,2622,2622,2622,2622,2622,2622,2622
033-151-006,,,,,,,1075,1075,1075,1075,1075,1075,1075,1075
033-151-007,,,,,,,2410,2410,2410,2410,2410,2410,2410,2410
033-151-04,2622,2622,2622,2622,2622,2622,,,,,,,,
033-151-06,1075,1075,1075,1075,1075,1075,,,,,,,,
033-151-07,2410,2410,2410,2410,2410,2410,,,,,,,,
033-152-005,,,,,,,1764,1764,1764,1764,1764,1764,1764,1764
033-152-05,1764,1764,1764,1764,1764,1764,,,,,,,,
034-270-046,,,,,,,1438,1438,1438,1438,1438,1438,1438,1438
034-270-049,,,,,,,13696,13696,13696,13696,13696,13696,13696,13696
034-270-061,,,,,,,3335,3335,3335,3335,3335,3335,3335,3335
034-270-063,,,,,,,9521,9521,9521,9521,9521,9521,9521,9521
034-270-46,1438,1438,1438,1438,1438,1438,,,,,,,,
034-270-49,13696,13696,13696,13696,13696,13696,,,,,,,,
034-270-58,9521,9521,9521,9521,9521,9521,,,,,,,,
034-270-61,3080,,3335,3335,3335,3335,,,,,,,,
034-270-10,,3080,,,,,,,,,,,,
034-321-019,,,,,,,1855,1855,1855,1855,1855,1855,1855,1855
034-321-021,,,,,,,659,659,659,659,659,659,659,659
034-321-023,,,,,,,6152,6152,6152,6152,6152,6152,6152,6152
034-321-025,,,,,,,7858,7858,7858,7858,7858,7858,7858,7858
034-321-19,1855,1855,1855,1855,1855,1855,,,,,,,,
034-321-21,659,659,659,659,659,659,,,,,,,,
034-321-23,6152,6152,6152,6152,6152,6152,,,,,,,,
034-321-25,7858,7858,7858,7858,7858,7858,,,,,,,,
034-322-001,,,,,,,751,751,751,751,751,751,751,751
034-322-004,,,,,,,1394,1394,1394,1394,1394,1394,1394,1394
034-322-005,,,,,,,1897,1897,1897,1897,1897,1897,1897,1897
034-322-006,,,,,,,3200,3200,3200,3200,3200,3200,3200,3200
034-322-01,751,751,751,751,751,751,,,,,,,,
034-322-04,1394,1394,1394,1394,1394,1394,,,,,,,,
034-322-05,1897,1897,1897,1897,1897,1897,,,,,,,,
034-322-06,3200,3200,3200,3200,3200,3200,,,,,,,,
034-323-010,,,,,,,2747,2747,2747,2747,2747,2747,2747,2747
034-323-012,,,,,,,306,306,306,306,306,306,306,306
034-323-015,,,,,,,846,846,846,846,846,846,846,846
034-323-10,,2747,2747,2747,2747,2747,,,,,,,,
034-323-12,306,306,306,306,306,306,,,,,,,,
034-323-15,846,846,846,846,846,846,,,,,,,,
034-331-014,,,,,,,2129,2129,2129,2129,2129,2129,2129,2129
034-331-029,,,,,,,11993,11993,11993,11993,11993,11993,11993,11993
034-331-14,2129,2129,2129,2129,2129,2129,,,,,,,,
034-331-29,11993,11993,11993,11993,11993,11993,,,,,,,,
034-342-011,,,,,,,100,100,100,100,100,100,100,100
034-342-11,100,100,100,100,100,100,,,,,,,,
034-402-001,,,,,,,2920,2920,2920,2920,2920,2920,2920,2920
034-402-01,2920,2920,2920,2920,2920,2920,,,,,,,,
034-402-013,,,,,,,6687,6687,6687,6687,6687,6687,6687,6687
034-402-13,6687,6687,6687,6687,6687,6687,,,,,,,,
034-671-003,,,,,,,3530,3530,3530,3530,3530,3530,3530,3530
034-671-005,,,,,,,3049,3049,3049,3049,3049,3049,3049,3049
034-671-012,,,,,,,38318,38318,38318,38318,38318,38318,38318,38318
034-671-03,3530,3530,3530,3530,3530,3530,,,,,,,,
034-671-05,3049,3049,3049,3049,3049,3049,,,,,,,,
034-671-12,38318,38318,38318,38318,38318,38318,,,,,,,,
035-131-006,,,,,,,513,513,513,513,513,513,513,513
035-131-008,,,,,,,231,231,231,231,231,231,231,231
035-131-06,513,513,513,513,513,513,,,,,,,,
035-131-08,231,231,231,231,231,231,,,,,,,,
035-181-005,,,,,,,8122,8122,8122,8122,8122,8122,8122,8122
035-181-009,,,,,,,15403,15403,15403,15403,15403,15403,15403,15403
035-181-05,8122,8122,8122,8122,8122,8122,,,,,,,,
035-181-09,15403,15403,15403,15403,15403,15403,,,,,,,,
035-182-001,,,,,,,636,636,636,636,636,636,636,636
035-182-003,,,,,,,68,68,68,68,68,68,68,68
035-182-005,,,,,,,4386,4386,4386,4386,4386,4386,4386,4386
035-182-006,,,,,,,4283,4283,4283,4283,4283,4283,4283,4283
035-182-01,636,636,636,636,636,636,,,,,,,,
035-182-03,68,68,68,68,68,68,,,,,,,,
035-182-05,4386,4386,4386,4386,4386,4386,,,,,,,,
035-182-06,4283,4283,4283,4283,4283,4283,,,,,,,,
035-183-016,,,,,,,510,510,510,510,510,510,510,510
035-183-019,,,,,,,5801,5801,5801,5801,5801,5801,5801,5801
035-183-16,510,510,510,510,510,510,,,,,,,,
035-183-19,5801,5801,5801,5801,5801,5801,,,,,,,,
035-191-002,,,,,,,807,807,807,807,807,807,807,807
035-191-003,,,,,,,4521,4521,4521,4521,4521,4521,4521,4521
035-191-02,807,807,807,807,807,807,,,,,,,,
035-191-03,4521,4521,4521,4521,4521,4521,,,,,,,,
035-192-003,,,,,,,3126,3126,3126,3126,3126,3126,3126,3126
035-192-005,,,,,,,2590,2590,2590,2590,2590,2590,2590,2590
035-192-009,,,,,,,23150,23150,23150,23150,23150,23150,23150,23150
035-192-03,3126,3126,3126,3126,3126,3126,,,,,,,,
035-192-05,2590,2590,2590,2590,2590,2590,,,,,,,,
035-192-09,23150,23150,23150,23150,23150,23150,,,,,,,,
035-193-001,,,,,,,493,493,493,493,493,493,493,493
035-193-007,,,,,,,3273,3273,3273,3273,3273,3273,3273,3273
035-193-009,,,,,,,3683,3683,3683,3683,3683,3683,3683,3683
035-193-01,493,493,493,493,493,493,,,,,,,,
035-193-07,3273,3273,3273,3273,3273,3273,,,,,,,,
035-193-09,3683,3683,3683,3683,3683,3683,,,,,,,,
035-211-029,,,,,,,977,977,977,977,977,977,977,977
035-211-29,977,977,977,977,977,977,,,,,,,,
035-262-006,,,,,,,296,296,296,296,296,296,296,296
035-262-06,296,296,296,296,296,296,,,,,,,,
083-106-003,6694,6694,6694,6694,6694,6694,6694,6694,6694,6694,6694,6694,6694,6694
083-108-004,5713,5713,5713,5713,5713,5713,5713,5713,5713,5713,5713,5713,5713,5713
083-108-005,1059,1059,1059,1059,1059,1059,1059,1059,1059,1059,1059,1477,1477,1477
083-108-011,1611,1611,1611,1611,1611,1611,1611,1611,1611,1611,1611,1611,1611,1611
084-110-018,1872,1872,1872,1872,1872,1872,1872,1872,1872,1872,1872,1872,1872,1872
084-110-019,3079,3079,3079,3079,3079,3079,3079,3079,3079,3079,3079,3079,3079,3079
090-042-002,1280,1280,1280,1280,1280,1280,1280,1280,1280,1280,1280,1280,1280,1280
090-044-022,720,720,720,720,720,720,720,720,720,720,720,1307,1307,1307
090-046-002,4900,4900,4900,4900,4900,4900,4900,4900,4900,4900,4900,4900,4900,4900
090-046-032,3154,3154,3154,3154,3154,3154,3154,3154,3154,3154,3154,3154,3154,3154
090-046-035,2152,2152,2152,2152,2152,2152,2152,2152,2152,2152,2152,2152,2152,2152
090-046-039,3391,,3391,3391,3391,,,,,,,,,
090-046-038,,3391,,,,,,,,,,,,
090-046-041,,,,,,3391,3391,3391,3391,3391,3391,3391,3391,3391
090-064-029,703,703,703,703,703,703,703,703,703,703,703,703,703,703
090-071-003,1335,1335,1335,1335,1335,1335,1335,1335,1335,1335,1335,1335,1335,1335
090-071-019,4522,4522,4522,4522,4522,4522,4522,4522,4522,4522,4522,4522,4522,4522
090-071-023,1196,1196,1196,1196,1196,1196,1196,1196,1196,1196,1196,1196,1196,1196
090-071-030,5552,5552,5552,5552,5552,5552,5552,5552,5552,5552,5552,5552,5552,5552
090-071-035,6959,6959,6959,6959,6959,6959,6959,6959,7895,7895,7895,7895,7895,7895
090-071-036,1609,,1609,1609,1609,1609,1609,1609,1609,1609,1609,1609,1609,1609
090-071-029,,1609,,,,,,,,,,,,
090-072-003,3738,3738,3738,3738,3738,3738,3738,3738,3738,3738,3738,3738,3738,3738
090-072-017,1363,1363,1363,1363,1363,1363,1363,1363,1363,1363,1363,1363,1363,1363
090-072-024,1664,1664,1664,1664,1664,1664,1664,1664,1664,1664,1664,1664,1664,1664
090-072-027,12833,12833,12833,12833,12833,12833,12833,12833,12833,12833,12833,12833,12833,12833
090-072-030,2414,2414,2414,2414,2414,2414,2414,2414,2414,2414,2414,2414,2414,2414
090-075-010,1313,1313,1313,1313,1313,1313,1313,1313,1313,1313,1313,1313,1313,1313
090-075-014,2154,2154,2154,2154,2154,2154,2154,2154,2154,2154,2154,2154,2154,2154
090-075-016,4899,4899,4899,4899,4899,4899,4899,4899,4899,4899,4899,4899,4899,4899
090-075-017,3426,3426,3426,3426,3426,3426,3426,3426,3426,3426,3426,3426,3426,3426
090-075-019,761,761,761,761,761,761,761,761,761,761,761,761,761,761
090-075-025,3235,3235,3235,3235,3235,3235,3235,3235,3235,3235,3235,3235,3235,3235
090-075-026,3214,,,3214,3214,3214,3214,3214,3214,3214,3214,3214,3214,3214
090-075-009,,3214,3214,,,,,,,,,,,
090-080-001,6083,6083,6083,6083,6083,6083,6083,6083,6083,6083,6083,6083,6083,6083
090-091-022,3358,3358,3358,3358,3358,3358,3358,3358,3358,3358,3358,3358,3358,3358
090-091-025,3638,3638,3638,3638,3638,3638,3638,3638,3638,3638,3638,3638,3638,3638
090-091-028,2643,2643,2643,2643,2643,2643,2643,2643,2643,2643,2643,2643,2643,2643
090-091-035,5082,5082,5082,5082,5082,5082,5082,5082,5082,5082,5082,5082,5082,5082
090-092-006,1278,1278,1278,1278,1278,1278,1278,1278,1278,1278,1278,1278,1278,1278
090-092-024,482,482,482,482,482,482,482,482,482,482,482,482,482,482
090-092-029,1133,1133,1133,1133,1133,1133,1133,1133,1133,1133,1133,1133,1133,1133
090-092-033,2455,2455,2455,2455,2455,2455,2455,2455,2455,2455,2455,2455,2455,2455
090-092-041,2018,2018,2018,2018,2018,2018,,,,,,,,
090-092-045,3145,3145,3145,3145,3145,3145,3145,3145,3145,3145,3145,3145,3145,3145
090-092-049,4013,4013,4013,4013,4013,4013,4013,4013,4013,4013,4013,4013,4013,4013
090-092-050,,,,,,,4698,4698,4698,4698,4698,4698,4698,4698
090-092-051,,,,,,,2018,2018,2018,2018,2018,2018,2018,2018
090-093-014,5115,5115,5115,5115,5115,5115,5115,5115,5115,5115,5115,5115,5115,5115
090-093-021,3989,3989,3989,3989,3989,3989,3989,3989,3989,3989,3989,3989,3989,3989
090-094-027,31273,31273,31273,31273,31273,31273,31273,31273,31273,31273,31273,31273,31273,31273
090-122-001,2782,2782,2782,2782,2782,2782,2782,2782,2782,2782,2782,2782,2782,2782
090-122-010,1559,1559,1559,1559,1559,1559,1559,1559,1559,1559,1559,1559,1559,1559
090-122-017,2928,2928,2928,2928,2928,2928,2928,2928,2928,2928,2928,2928,2928,2928
090-122-026,2267,2267,2267,2267,2267,2267,2267,2267,2267,2267,2267,2267,2267,2267
090-122-038,5248,5248,5248,5248,5248,5248,5248,5248,5248,5248,5248,5248,5248,5248
090-122-040,4151,,4151,4151,4151,4151,4151,4151,4151,4151,4151,4151,4151,4151
090-122-028,,4151,,,,,,,,,,,,
090-123-006,5832,5832,5832,5832,5832,5832,5832,5832,5832,5832,5832,5832,5832,5832
090-123-009,3007,3007,3007,3007,3007,3007,3007,3007,3007,3007,3007,3007,3007,3007
090-123-010,1325,1325,1325,1325,1325,1325,1325,1325,1325,1325,1325,1325,1325,1325
090-123-019,1922,1922,1922,1922,1922,1922,1922,1922,1922,1922,1922,1922,1922,1922
090-123-027,13726,13726,13726,13726,13726,13726,13726,13726,13726,13726,13726,13726,13726,13726
090-123-028,4154,,4154,4154,4154,4154,4154,4154,4154,4154,4154,4154,4154,4154
090-123-023,,4154,,,,,,,,,,,,
090-123-031,3483,,,3483,3483,3483,3483,3483,3483,3483,3483,3483,3483,3483
090-123-001,,3483,3483,,,,,,,,,,,
090-126-025,2317,2317,2317,2317,2317,2317,2317,2317,2317,2317,2317,2317,2317,2317
090-133-003,1499,1499,1499,1499,1499,1499,1499,1499,1499,1499,1499,1499,1499,1499
090-133-005,7275,7275,7275,7275,7275,7275,7275,7275,7275,7275,7275,7275,7275,7275
090-133-015,1486,1486,1486,1486,1486,1486,1486,1486,1486,1486,1486,1486,1486,1486
090-133-016,4739,4739,4739,4739,4739,4739,4739,4739,4739,4739,4739,4739,4739,4739
090-133-019,1538,,1538,1538,1538,1538,1538,1538,1538,1538,1538,0,0,0
090-133-010,,1538,,,,,,,,,,,,
090-133-021,4202,,4202,4202,4202,4202,4202,4202,4202,4202,4202,4202,4202,4202
090-133-018,,4202,,,,,,,,,,,,
090-134-002,2049,2049,2049,2049,2049,2049,2049,2049,2049,2049,2049,2049,2049,2049
090-134-005,2836,2836,2836,2836,2836,2836,2836,2836,2836,2836,2836,2836,2836,2836
090-134-006,808,808,808,808,808,808,808,808,808,808,808,808,808,808
090-134-011,2278,2278,2278,2278,2278,2278,2278,2278,2278,2278,2278,2278,2278,2278
090-134-024,4478,4478,4478,4478,4478,4478,4478,4478,4478,4478,4478,4478,4478,4478
090-134-039,3178,3178,3178,3178,3178,3178,3178,,,,,,,
090-134-048,1611,1611,1611,1611,1611,1611,1611,1611,1611,1611,1611,1611,1611,1611
090-134-061,,,,,,,,3353,3353,3353,3353,3353,3353,3353
090-134-042,3178,3178,3178,3178,3178,3178,3178,,,,,,,
,,,,,,,,,,,,,,
090-142-007,2103,2103,2103,2103,2103,2103,2103,2103,2103,2103,2103,2103,2103,2103
090-142-023,6292,6292,6292,6292,6292,6292,6292,6292,6292,6292,6292,6292,6292,6292
090-142-024,2138,2138,2138,2138,2138,2138,2138,2138,2138,2138,2138,2138,2138,2138
090-142-025,1379,1379,1379,1379,1379,1379,1379,1379,1379,1379,1379,1379,1379,1379
090-152-048,2648,2648,2648,2648,2648,2648,2648,2648,2648,2648,2648,2648,2648,2648
090-181-048,1250,1250,1250,1250,1250,1250,1250,1250,1250,1250,1250,1250,1250,1250
090-181-068,716,716,716,716,716,716,716,716,716,716,716,716,716,716
090-191-026,2013,2013,2013,2013,2013,2013,2013,2013,2013,2013,2013,2013,2013,2013
090-191-027,2035,2035,2035,2035,2035,2035,2035,2035,2035,2035,2035,2035,2035,2035
090-192-001,1448,1448,1448,1448,1448,1448,1448,1448,1448,1448,1448,1448,1448,1448
090-192-002,3978,3978,3978,3978,3978,3978,3978,3978,3250,3250,3250,3250,3250,3250
090-192-003,512,512,512,512,512,512,512,512,512,512,512,512,512,512
090-192-021,3632,3632,3632,3632,3632,3632,3632,3632,3632,3632,3632,3632,3632,3632
090-192-031,2018,2018,2018,2018,2018,2018,2018,2018,2018,2018,2018,2018,2018,2018
090-192-037,703,703,703,703,703,703,703,703,703,703,703,703,703,703
090-192-038,800,800,800,800,800,800,800,800,800,800,800,800,800,800
090-192-054,857,857,857,857,857,857,857,857,857,857,857,857,857,857
090-192-056,4421,4421,4421,4421,4421,4421,4421,4421,4421,4421,4421,4421,4421,4421
090-192-057,3372,3372,3372,3372,3372,3372,3372,3372,3372,3372,3372,3372,3372,3372
090-294-008,1644,1644,1644,1644,1644,1644,1644,1644,1644,1644,1644,1644,1644,1644
090-304-019,1474,1474,1474,1474,1474,1474,1474,1474,1474,1474,1474,1474,1474,1474
090-304-021,2613,2613,2613,2613,2613,2613,2613,2613,2613,2613,2613,2613,2613,2613
090-306-001,1231,1231,1231,1231,1231,1231,1231,1231,1231,1231,1231,1231,1231,1231
093-032-012,1573,1573,1573,1573,1573,1573,1573,1573,1573,1573,1573,1573,1573,1573
093-032-014,350,350,350,350,350,350,350,350,350,350,350,350,350,350
093-032-015,773,773,773,773,773,773,773,773,773,773,773,773,773,773
093-033-009,5079,5079,5079,5079,5079,5079,5079,5079,5079,5079,5079,5079,5079,5079
093-033-012,1481,1481,1481,1481,1481,1481,1481,1481,1481,1481,1481,1481,1481,1481
093-036-017,1421,1421,1421,1421,1421,1421,1421,1421,1421,1421,1421,1421,1421,1421
093-036-020,1557,1557,1557,1557,1557,1557,1557,1557,1557,1557,1557,1557,1557,1557
093-036-021,2967,2967,2967,2967,2967,2967,2967,2967,2967,,,,,
093-036-023,2303,2303,2303,2303,2303,2303,2303,2303,2303,,,,,
093-036-025,,,,,,,,,,2967,2967,2967,2967,2967
093-036-026,,,,,,,,,,2303,2303,2303,2303,2303
093-041-004,414,414,414,414,414,414,414,414,414,414,414,414,414,414
093-041-005,7376,7376,7376,7376,7376,7376,7376,7376,7376,7376,7376,7376,7376,7376
093-041-006,1578,1578,1578,1578,1578,1578,1578,1578,1578,1578,1578,1578,1578,1578
093-042-027,,6065,,,,,,,,,,,,
093-042-024,6065,,6065,6065,6065,6065,6065,6065,6065,6065,6065,6065,6065,6065
093-042-035,1557,,,1557,1557,1557,1557,1557,1557,1557,1557,1557,1557,1557
093-042-016,,1557,1557,,,,,,,,,,,
093-051-004,325,325,325,325,325,325,325,325,325,325,325,325,325,325
093-051-006,6285,6285,6285,6285,6285,6285,6285,6285,6285,6285,6285,6285,6285,6285
093-051-011,3711,3711,3711,3711,3711,3711,3711,3711,3711,3711,3711,3711,3711,3711
093-051-012,3560,3560,3560,3560,3560,3560,3560,3560,3560,3560,3560,3560,3560,3560
093-051-013,8016,8016,8016,8016,8016,8016,8016,8016,8016,8016,8016,8016,8016,8016
093-051-016,4942,4942,4942,4942,4942,4942,4942,4942,4942,4942,4942,4942,4942,4942
093-051-017,6074,6074,6074,6074,6074,6074,6074,6074,6074,6074,6074,6074,6074,6074
093-052-001,7835,7835,7835,7835,7835,7835,7835,7835,7835,7835,7835,7835,7835,7835
093-052-003,10915,10915,10915,10915,10915,10915,10915,10915,10915,10915,10915,10915,10915,10915
093-052-009,11006,11006,11006,11006,11006,11006,11006,11006,11006,11006,11006,11006,11006,11006
093-052-010,10100,10100,10100,10100,10100,10100,10100,10100,10100,,,,,
093-052-016,,,,,,,,,,10100,10100,10100,10100,10100
093-130-009,4110,4110,4110,4110,4110,4110,4110,4110,4110,4110,4110,4110,4110,4110
093-130-011,2246,2246,2246,2246,2246,2246,2246,2246,2246,2246,2246,2246,2246,2246
093-130-014,8000,8000,8000,8000,8000,8000,8000,8000,,,,,,
093-130-021,1280,1280,1280,1280,1280,1280,1280,1280,1280,1280,1280,1280,1280,1280
093-130-047,5503,5503,5503,5503,5503,5503,5503,5503,5503,5503,5503,5503,5503,5503
093-160-049,4608,4608,4608,4608,4608,4608,4608,4608,4608,4608,4608,4608,4608,4608
093-203-010,4000,4000,4000,4000,4000,4000,4000,4000,4000,4000,4000,4000,4000,4000
093-610-003,1403,1403,1403,1403,1403,1403,1403,1403,1403,1403,1403,1403,1403,1403
094-070-001,26322,26322,26322,26322,26322,26322,26322,26322,26322,26322,,,,
094-070-002,11996,11996,11996,11996,11996,11996,11996,11996,11996,11996,,,,
094-070-005,9051,9051,9051,9051,9051,9051,9051,9051,9051,9051,9051,9051,9051,9051
094-070-006,7408,7408,7408,7408,7408,7408,7408,7408,7408,7408,7408,7408,,
094-070-007,1478,1478,1478,1478,1478,1478,1478,1478,1478,1478,1478,1478,1478,1478
094-070-008,3107,3107,3107,3107,3107,3107,3107,3107,3107,3107,3107,3107,3107,3107
094-070-009,19229,19229,19229,19229,19229,19229,19229,19229,19229,19229,19229,19229,19229,19229
094-070-011,19256,19256,19256,19256,19256,19256,19256,19256,19256,19256,19256,19256,19256,19256
094-070-014,5827,5827,5827,5827,5827,5827,5827,5827,5827,5827,5827,5827,5827,5827
094-080-003,2235,2235,2235,2235,2235,2235,2235,2235,2235,2235,2235,2235,2235,2235
094-080-004,5157,5157,5157,5157,5157,5157,5157,5157,5157,5157,5157,5157,5157,5157
094-080-005,3358,3358,3358,3358,3358,3358,3358,3358,3358,3358,3358,3358,3358,3358
094-080-009,2412,2412,2412,2412,2412,2412,2412,2412,2412,2412,2412,2412,2412,2412
094-080-010,4417,4417,4417,4417,4417,4417,4417,4417,4417,4417,4417,4417,4417,4417
094-080-011,4573,4573,4573,4573,4573,4573,4573,4573,4573,4573,4573,4573,4573,4573
094-080-012,5162,5162,5162,5162,5162,5162,5162,5162,5162,5162,5162,5162,5162,5162
094-090-010,1975,1975,1975,1975,1975,1975,1975,1975,1975,1975,1975,1975,1975,1975
094-090-011,7010,7010,7010,7010,7010,7010,7010,7010,7010,7010,7010,7010,7010,7010
094-090-012,1972,1972,1972,1972,1972,1972,1972,1972,1972,1972,1972,1972,1972,1972
094-090-029,25953,25953,25953,25953,25953,25953,26258,,,,,,,
094-090-035,3237,3237,3237,3237,3237,3237,3237,3237,3237,3237,3237,3237,3237,3237
094-090-041,4531,4531,4531,4531,4531,4531,4531,4531,4531,4531,4531,4531,4531,4531
094-090-052,1208,1208,1208,1208,1208,1208,1208,1208,1208,1208,1208,1208,1208,1208
094-090-060,1218,1218,1218,1218,1218,1218,1218,1218,1218,1218,1218,1218,1218,1218
094-090-063,21126,21126,21126,21126,21126,21126,21126,21126,21126,21126,21126,21126,21126,21126
094-090-065,,,,,,,,26258,26258,26258,26258,26258,26258,26258
094-110-001,573,573,573,573,573,573,573,573,573,573,573,573,573,573
094-110-010,290,290,290,290,290,290,290,290,290,290,290,290,290,290
094-110-015,756,756,756,756,756,756,756,756,756,756,756,756,756,756
094-110-016,1478,1478,1478,1478,1478,1478,1478,1478,1478,1478,1478,1478,1478,1478
094-110-018,4943,4943,4943,4943,4943,4943,4943,4943,4943,4943,4943,4943,4943,4943
094-110-019,31763,31763,29187,29187,29187,29187,29187,29187,29187,29187,29187,29187,31673,31673
094-110-024,5781,5781,5781,5781,5781,5781,5781,5781,5781,5781,5781,5781,5781,5781
094-130-001,1712,1712,1712,1712,1712,1712,1712,1712,1712,1712,1712,1712,1712,1712
094-130-004,23668,23668,23668,23668,23668,23668,23668,23668,23668,23668,23668,23668,23668,23668
094-130-007,4114,4114,4114,4114,4114,4114,4114,4114,4114,4114,4114,4114,4114,4114
094-130-008,6534,6534,6534,6534,6534,6534,6534,6534,6534,6534,6534,6534,6534,6534
094-140-050,,,,,,,,,,,,,,
094-140-064,,,,,,,,,,,,,,
094-140-069,,,,,,,,,,,,,,
094-150-001,2585,2585,2585,2585,2585,2585,2585,2585,2585,2585,2585,2585,2585,2585
094-150-002,2196,2196,2196,2196,2196,2196,2196,2196,2196,2196,2196,2196,2196,2196
094-150-003,1884,1884,1884,1884,1884,1884,1884,1884,1884,1884,1884,1884,1884,1884
094-150-005,3068,3068,3068,3068,3068,3068,3068,3068,3068,3068,3068,3068,3068,3068
094-150-006,739,739,739,739,739,739,739,739,739,739,739,739,739,739
094-180-023,2988,2988,2988,2988,2988,2988,2988,2988,2988,2988,2988,2988,2988,2988
094-180-024,1021,1021,1021,1021,1021,1021,1021,1021,1021,1021,1021,1021,1021,1021
094-180-045,5757,5757,5757,5757,5757,5757,5757,5757,5757,5757,5757,5757,5757,5757
094-180-066,3467,3467,3467,3467,3467,3467,3467,3467,3467,,,,,
094-180-077,,,,,,,,,,3467,3467,3467,3467,3467
094-190-004,1632,1632,1632,1632,1632,1632,1632,1632,1632,1632,1632,1632,1632,1632
094-190-006,3080,3080,3080,3080,3080,3080,3080,3080,3080,3080,3080,3080,3080,3080
094-190-007,1213,1213,1213,1213,1213,1213,1213,1213,1213,1213,1213,1213,1213,1213
094-190-012,3892,3892,3892,3892,3892,3892,3892,3892,3892,3892,3892,3892,3892,3892
094-190-013,2664,2664,2664,2664,2664,2664,2664,2664,2664,2664,2664,2664,2664,2664
094-190-015,2009,2009,2009,2009,2009,2009,2009,2009,2009,2009,2009,2009,2009,2009
094-190-016,1910,1910,1910,1910,1910,1910,1910,1910,1910,1910,1910,1910,1910,1910
094-190-021,2483,2483,2483,2483,2483,2483,2483,2483,2483,2483,2483,2483,2483,2483
094-190-025,2876,2876,2876,2876,2876,2876,2876,2876,2876,2876,2876,2876,2876,2876
094-190-036,2705,,,2705,2705,2705,2705,2705,2705,2705,2705,2705,2705,2705
094-190-032,,2705,2705,,,,,,,,,,,
094-190-038,6522,,,6522,6522,6522,6522,6522,6522,6522,6522,6522,6522,6522
094-190-028,,6522,6522,,,,,,,,,,,
094-200-043,1250,1250,1250,1250,1250,1250,1250,1250,1250,1250,1250,1250,1250,1250
094-200-051,6886,6886,6886,6886,6886,6886,6886,6886,6886,6886,6886,,,
094-200-060,,,,,,,,,,,,6886,6886,6886
094-240-004,5605,5605,5605,5605,5605,5605,5605,5605,5605,5605,5605,5605,5605,5605
094-240-005,3621,3621,3621,3621,3621,3621,3621,3621,3621,3621,3621,3621,3621,3621
094-240-007,6593,6593,6593,6593,6593,6593,6593,6593,6593,6593,6593,6593,6593,6593
094-240-008,6069,6069,6069,6069,6069,6069,6069,6069,6069,6069,6069,6069,6069,6069
094-240-010,4093,4093,4093,4093,4093,4093,4093,4093,4093,4093,4093,4093,4093,4093
094-240-012,4376,4376,4376,4376,4376,4376,4376,4376,4376,4376,4376,4376,4376,4376
094-290-021,1099,1099,1099,1099,1099,1099,1099,1099,1099,1099,1099,1099,1099,1099
094-540-004,4540,4540,4540,4540,4540,4540,4540,4540,4540,4540,4540,4540,,
094-540-009,27479,27479,27479,27479,27479,27479,27479,27479,27479,27479,27479,27479,27479,27479
094-540-016,7530,7530,7530,7530,7530,7530,7530,7530,7530,7530,7530,7530,7530,7530
094-540-017,1209,1209,1209,1209,1209,1209,1209,1209,1209,1209,1209,1209,1209,1209
094-540-020,10227,10227,10227,10227,10227,10227,10227,10227,10227,10227,10227,10227,10227,10227
094-540-023,7064,7064,7064,7064,7064,7064,7064,7064,7064,7064,7064,7064,7064,7064
094-540-024,1243,1243,1243,1243,1243,1243,1243,1243,1243,1243,1243,1243,1243,1243
094-540-034,,,,,,,,,,,,,4540,4540
095-110-009,1818,1818,1818,1818,1818,1818,1818,1818,1818,,,,,
095-110-010,8510,8510,8510,8510,8510,8510,8510,8510,8510,8510,8510,8510,8510,8510
095-110-022,6684,6684,6684,6684,6684,6684,6684,6684,6684,6684,6684,6684,6684,6684
095-110-023,1586,1586,1586,1586,1586,1586,1586,1586,1586,,,,,
095-120-001,7440,7440,7440,7440,7440,7440,7440,7440,7440,7440,7440,7440,7440,7440
095-140-008,4898,4898,4898,4898,4898,4898,4898,4898,4898,4898,4898,4898,4898,4898
095-140-009,15036,15036,15036,15036,15036,15036,15036,15036,15036,15036,15036,15036,15036,15036
095-140-019,5170,5170,5170,5170,5170,5170,5170,5170,5170,5170,5170,5170,5170,5170
095-481-011,33462,33462,33462,33462,33462,33462,33462,33462,33462,33462,33462,33462,33462,33462
095-481-020,11734,11734,11734,11734,11734,11734,11734,11734,11734,11734,11734,11734,11734,11734
097-050-072,12341,12341,12341,12341,12341,12341,12341,12341,12341,12341,12341,,,
097-050-098,,,,,,,,,,,,12341,12341,12341
097-075-016,384,384,384,384,384,384,384,384,384,384,384,384,384,384
097-092-005,2096,2096,2096,2096,2096,2096,2096,2096,2096,2096,2096,2096,2096,2096
097-093-007,1073,1073,1073,1073,1073,1073,1073,1073,1073,1073,1073,1073,1073,1073
097-093-011,1734,1734,1734,1734,1734,1734,1734,1734,1734,1734,1734,1734,1734,1734
097-112-004,505,505,505,505,505,505,505,505,505,505,505,505,505,505
097-112-006,634,634,634,634,634,634,634,634,634,634,634,634,634,634
097-121-009,4464,4464,4464,4464,4464,4464,4464,4464,4464,4464,4464,4464,4464,4464
097-121-011,7148,7148,7148,7148,7148,7148,7148,7148,7148,7148,7148,7148,7148,7148
097-130-041,1722,,1722,1722,1722,1722,1722,1722,1722,1722,1722,1722,1722,1722
097-130-029,,1722,,,,,,,,,,,,
097-130-043,773,,,773,773,773,773,773,773,773,773,773,773,773
097-130-039,,,773,,,,,,,,,,,
097-130-028,,773,,,,,,,,,,,,
097-140-040,2656,2656,2656,2656,2656,2656,2656,2656,2656,2656,2656,2656,2656,2656
097-153-001,5422,5422,5422,5422,5422,5422,5422,5422,5422,5422,5422,5422,5422,5422
097-153-004,3952,3952,3952,3952,3952,3952,3952,3952,3952,3952,3952,3952,3952,3952
097-153-005,10742,10742,10742,10742,10742,10742,10742,10742,10742,10742,10742,10742,10742,10742
097-153-006,517,517,517,517,517,517,517,517,517,517,517,517,517,517
097-154-001,19578,19578,19578,19578,19578,19578,19578,19578,19578,19578,19578,19578,19578,19578
097-154-002,870,870,870,870,870,870,870,870,870,870,870,870,870,870
097-163-001,4023,4023,4023,4023,4023,4023,4023,4023,4023,4023,4023,4023,4023,4023
097-163-002,2032,2032,2032,2032,2032,2032,2032,2032,2032,2032,2032,2032,2032,2032
097-163-003,4013,4013,4013,4013,4013,4013,4013,4013,4013,4013,4013,4013,4013,4013
097-241-031,11851,11851,11851,11851,11851,11851,11851,11851,11851,11851,11851,11851,11851,11851
098-200-008,5962,5962,5962,5962,5962,5962,5962,5962,5962,5962,5962,5962,5962,5962
098-200-009,2285,2285,2285,2285,2285,2285,2285,2285,2285,2285,2285,2285,2285,2285
098-200-029,1470,1470,1470,1470,1470,1470,1470,1470,1470,1470,1470,1470,1470,1470
098-330-023,1485,1485,1485,1485,1485,1485,1485,1485,1485,1485,1485,1485,1485,1485
098-330-024,775,775,775,775,775,775,775,775,775,775,775,775,775,775
112-050-010,2845,2845,2845,2845,2845,2845,2845,2845,2845,2845,2845,2845,2845,2845
112-050-011,6144,6144,6144,6144,6144,6144,6144,6144,6144,6144,6144,6144,6144,6144
112-050-014,3432,3432,3432,3432,3432,3432,3432,,,,,,,
112-050-015,345,345,345,345,345,345,345,,,,,,,
112-050-020,8543,8543,8543,8543,8543,8543,8543,8543,8543,8543,8543,8543,8543,8543
112-050-022,1268,,,1268,1268,1268,5436,5436,5436,5436,5436,5436,5436,5436
112-050-013,,1268,1268,,,,,,,,,,,
112-110-033,1195,1195,1195,1195,1195,1195,1195,1195,1195,1195,1195,1195,1195,1195
115-030-025,1656,1656,1656,1656,1656,1656,1656,1656,1656,1656,1656,1656,1656,1656
115-030-026,1956,1956,1956,1956,1956,1956,1956,1956,1956,1956,1956,1956,1956,1956
115-030-027,1160,1160,1160,1160,1160,1160,1160,1160,1160,1160,1160,1160,1160,1160
115-030-029,3521,3521,3521,3521,3521,3521,3521,3521,3521,3521,3521,3521,3521,3521
115-030-050,26510,26510,26510,26510,26510,26510,26510,26510,26510,26510,26510,26510,26510,26510
115-030-054,8818,8818,8818,8818,8818,8818,8818,8818,8818,8818,8818,8818,8818,8818
115-030-055,2697,2697,2697,2697,2697,2697,2697,2697,2697,2697,2697,2697,2697,2697
115-030-058,8375,8375,8375,8375,8375,8375,8375,8375,8375,8375,8375,8375,8375,8375
115-030-070,9438,9438,9438,9438,9438,9438,9438,9438,9438,9438,9438,9438,9438,9438
115-040-044,3293,3293,3293,3293,3293,3293,3293,3293,3293,3293,3293,3293,3293,3293
115-040-045,1573,1573,1573,1573,1573,1573,1573,1573,1573,1573,1573,1573,1573,1573
115-040-049,3203,3203,3203,3203,3203,3203,3203,3203,3203,3203,3203,3203,3203,3203
115-040-050,5333,5333,5333,5333,5333,5333,5333,5333,5333,5333,5333,5333,5333,5333
115-040-078,2690,2690,2690,2690,2690,2690,2690,2690,2690,2690,2690,2690,2690,2690
115-050-029,6678,6678,6678,6678,6678,6678,,,,,,,,
115-050-058,,,,,,,6678,6678,6678,6678,6678,6678,6678,6678
117-071-015,914,914,914,914,914,914,914,914,914,914,914,,,
117-071-029,2592,2592,2592,2592,2592,2592,2592,2592,2592,2592,2592,2592,2592,2592
117-071-030,2679,2679,2679,2679,2679,2679,2679,2679,2679,2679,2679,2679,2679,2679
117-071-031,5730,5730,5730,5730,5730,5730,5730,5730,5730,5730,5730,5730,5730,5730
117-071-053,,,,,,,,,,,,914,914,914
117-080-051,989,989,989,989,989,989,989,989,989,989,989,989,989,989
117-080-055,1347,1347,1347,1347,1347,1347,1347,1347,1347,1347,1347,1347,1347,1347
117-080-059,1160,1160,1160,1160,1160,1160,1160,1160,1160,1160,1160,1160,1160,1160
117-080-062,1277,1277,1277,1277,1277,1277,1277,1277,1277,1277,1277,1277,1277,1277
117-080-063,1694,1694,1694,1694,1694,1694,1694,1694,1694,1694,1694,1694,1694,1694
117-090-027,2512,2512,2512,2512,2512,2512,2512,2512,2512,2512,2512,2512,2512,2512
117-100-033,609,609,609,609,609,609,609,609,609,609,609,609,609,609
117-110-019,4019,4019,4019,4019,4019,4019,4019,4019,4019,4019,4019,4019,4019,4019
117-110-060,11862,11862,11862,,,,,,,,,,,
117-110-066,10760,10760,10760,10760,10760,10760,10760,10760,10760,10760,10760,10760,10760,10760
117-110-070,1261,1261,1261,1261,1261,1261,1261,1261,1261,1261,1261,1261,1261,1261
117-130-053,7292,7292,7292,7292,7292,7292,7292,7292,7292,7292,7292,7292,7292,7292
117-150-038,5051,5051,5051,5051,5051,5051,5051,5051,5051,5051,5051,5051,5051,5051
117-150-039,4737,4737,4737,4737,4737,4737,4737,4737,4737,4737,4737,4737,4737,4737
117-160-018,41088,41088,41088,41088,41088,41088,41088,41088,41088,,,,,
117-160-021,,,,,,,,,,41088,41088,41088,41088,41088
117-180-003,5092,5092,5092,5092,5092,5092,5092,5092,5092,5092,5092,5092,5092,5092
117-180-012,3154,3154,3154,3154,3154,3154,3154,3154,3154,3154,3154,3154,3154,3154
117-180-059,4396,,,4396,4396,4396,4396,4396,4396,4396,4396,4396,4396,4396
117-180-006,,4396,4396,,,,,,,,,,,
122-128-07,2313,2313,2313,2313,2313,2313,2313,2313,2313,2313,2313,2313,2313,2313
122-128-15,3323,3323,3323,3323,3323,3323,3323,3323,3323,3323,3323,3323,3323,3323
122-128-16,6359,6359,6359,6359,,,,,,,,,,
123-042-01,7772,7772,7772,7772,7772,7772,7772,7772,7772,7772,7772,7772,7772,7772
123-042-07,2943,2943,2943,2943,2943,2943,2943,2943,2943,2943,2943,2943,2943,2943
123-042-12,6584,6584,6584,6584,6584,6584,6584,6584,6584,6584,6584,6584,6584,6584
123-042-15,83492,83492,83492,83492,83492,83492,83492,83492,83492,83492,83492,83492,83492,83492
123-044-13,7352,7352,7352,7352,7352,7352,7352,7352,7352,7352,7352,7352,7352,7352
123-052-04,7751,7751,7751,,,,7751,7751,7751,7751,7751,7751,7751,7751
123-052-02,,,,7751,7751,7751,,,,,,,,
123-053-02,2193,2193,2193,2193,2193,2193,2193,2193,2193,2193,2193,2193,2193,2193
123-053-04,2403,2403,2403,2403,2403,2403,2403,2403,2403,2403,2403,2403,2403,2403
123-053-05,1119,1119,1119,1119,1119,1119,1119,1119,1119,1119,1119,1119,1119,1119
123-054-01,2154,2154,2154,2154,2154,2154,2154,2154,2154,2154,2154,2154,2154,2154
123-282-03,4976,4976,4976,4976,4976,4976,4976,4976,4976,4976,4976,4976,4976,4976
124-043-28,7039,7039,7039,7039,7039,7039,7039,7039,7039,7039,7039,7039,7039,7039
124-043-29,4100,4100,4100,4100,4100,4100,4100,4100,4100,4100,4100,4100,4100,4100
124-043-30,3947,3947,3947,3947,3947,3947,3947,3947,3947,3947,3947,3947,3947,3947
124-071-36,2789,2789,2789,2789,2789,2789,2789,2789,2789,2789,2789,2789,2789,2789
124-071-47,2806,2806,2806,2806,2806,2806,2806,2806,2806,2806,2806,2806,2806,2806
124-921-15,3598,3598,3598,3598,3598,3598,3598,3598,3598,3598,3598,3598,3598,3598
127-010-05,2621,2621,2621,2621,2621,2621,2621,2621,2621,2621,2621,2621,2621,2621
127-023-03,7008,7008,7008,7008,7008,7008,7008,7008,7008,7008,7008,7008,7008,7008
127-030-31,4746,4746,4746,4746,4746,4746,4746,4746,4746,4746,4746,4746,4746,4746
127-040-04,5538,5538,5538,5538,5538,5538,5538,5538,5538,5538,5538,5538,5538,5538
127-040-09,2600,2600,2600,2600,2600,2600,2600,2600,2600,2600,2600,2600,2600,2600
127-090-04,3512,3512,3512,3512,3512,3512,3512,3512,3512,,,,,
127-090-05,3479,3479,3479,3479,3479,3479,3479,3479,3479,3479,3479,3479,3479,3479
127-280-02,21516,21516,21516,21516,21516,21516,21516,21516,21516,21516,21516,21516,21516,21516
127-440-05,1813,1813,1813,1813,1813,1813,1813,1813,1813,1813,1813,1813,1813,1813
130-050-11,5473,5473,5473,5473,5473,5473,5473,5473,5473,5473,5473,5473,5473,5473
130-152-07,18492,18492,18492,18492,18492,18492,18492,18492,18492,18492,18492,18492,18492,18492
130-152-08,11407,11407,11407,11407,11407,11407,11407,11407,11407,11407,11407,11407,11407,11407
130-152-12,28155,28155,28155,28155,28155,28155,28155,28155,28155,28155,28155,28155,28155,28155
130-152-13,466,466,466,466,466,466,466,466,466,466,466,466,466,466
130-152-16,5571,5571,5571,5571,5571,5571,5571,5571,5571,5571,5571,5571,5571,5571
130-152-17,16342,16342,16342,16342,16342,16342,16342,16342,16342,16342,16342,16342,16342,16342
130-152-18,22642,22642,22642,22642,22642,22642,22642,22642,22642,22642,22642,22642,22642,22642
130-163-32,6906,6906,6906,6906,6906,6906,6906,6906,6906,6906,6906,6906,6906,6906
130-170-17,2530,2530,2530,2530,2530,2530,2530,2530,2530,2530,2530,2530,2530,2530
130-180-00,32088,32088,32088,32088,32088,32088,32088,32088,32088,32088,32088,32088,32088,32088
130-180-08,12655,12655,12655,12655,12655,12655,12655,12655,12655,12655,12655,12655,12655,12655
130-302-11,18288,18288,18288,18288,18288,18288,18288,18288,18288,18288,18288,18288,18288,18288
130-302-12,38184,38184,38184,38184,38184,38184,37905,37905,37905,37905,37905,37905,37905,37905
130-302-17,5752,5752,5752,5752,5752,5752,5752,5752,5752,5752,5752,5752,5752,5752
130-302-18,457,457,457,457,457,457,457,457,457,457,457,457,457,457
130-302-26,1729,1729,1729,1729,1729,1729,1729,1729,1729,1729,1729,4725,4725,4725
130-311-07,1200,1200,1200,1200,1200,1200,,,,,,,,
130-311-19,,,,,,,1200,1200,1200,2886,2886,2886,2886,2886
131-110-02,6330,6330,6330,6330,6330,6330,6330,6330,6330,6330,6330,6330,6330,6330
131-233-38,8955,8955,8955,8955,8955,8955,8955,8955,8955,8955,8955,8955,8955,8955
131-430-03,2191,2191,2191,2191,2191,2191,2191,2191,2191,2191,2191,2191,2191,2191
1318-09-811-018,3396,3396,3396,3396,3396,3396,3396,3396,3396,3396,3396,3396,3396,3396
1318-09-811-020,3059,3059,3059,3059,3059,3059,3059,3059,3059,3059,3059,3059,3059,3059
1318-10-417-048,1899,1899,1899,1899,1899,1899,1899,1899,1899,1899,1899,1899,1899,1899
1318-10-417-050,6128,6128,6128,6128,6128,6128,6128,6128,6128,6128,6128,6128,6128,6128
1318-10-417-051,5095,5095,5095,5095,5095,5095,5095,5095,5095,5095,5095,5095,5095,5095
1318-10-417-052,2830,2830,2830,2830,2830,2830,2830,2830,2830,2830,2830,2830,2830,2830
1318-10-417-053,2989,2989,2989,2989,2989,2989,2989,2989,2989,2989,2989,2989,2989,2989
1318-15-703-001,12317,12317,12317,12317,12317,12317,12317,12317,12317,12317,12317,12317,12317,12317
1318-15-703-002,2987,2987,2987,2987,2987,2987,2987,2987,2987,2987,2987,2987,2987,2987
1318-15-703-003,2610,2610,2610,2610,2610,2610,2610,2610,2610,2610,2610,2610,2610,2610
1318-15-801-002,3477,3477,3477,3477,3477,3477,3477,3477,3477,3477,3477,3477,3477,3477
1318-15-802-005,2624,2624,2624,2624,2624,2624,2624,2624,2624,2624,2624,2624,2624,2624
1318-15-802-006,10856,10856,10856,10856,10856,10856,10856,10856,10856,10856,10856,10856,10856,10856
1318-15-802-007,6466,6466,6466,6466,6466,6466,6466,6466,6466,6466,6466,6466,6466,6466
1318-15-802-009,9776,9776,9776,9776,9776,9776,9776,9776,9776,9776,9776,9776,9776,9776
1318-15-802-010,96001,96001,96001,96001,96001,96001,96001,96001,96001,96001,96001,96001,96001,96001
1318-15-803-003,7297,7297,7297,7297,7297,7297,7297,7297,7297,7297,7297,7297,7297,7297
1318-15-803-007,21823,21823,21823,21823,21823,21823,21823,21823,21823,21823,21823,21823,21823,21823
1318-15-803-008,1994,1994,1994,1994,1994,1994,1994,1994,1994,1994,1994,1994,1994,1994
1318-15-804-002,2520,2520,2520,2520,2520,2520,2520,2520,2520,2520,2520,2520,2520,2520
1318-15-804-007,1806,1806,1806,1806,1806,1806,1806,1806,1806,1806,1806,1806,1806,1806
1318-15-804-008,3924,3924,3924,3924,3924,3924,3924,3924,3924,3924,3924,3924,3924,3924
1318-22-001-004,3293,3293,3293,3293,3293,3293,3293,3293,3293,3293,3293,3293,3293,3293
1318-22-001-005,9404,9404,9404,9404,9404,9404,9404,9404,9404,9404,9404,9404,9404,9404
1318-22-001-006,14772,14772,14772,14772,14772,14772,14772,14772,14772,14772,14772,14772,14772,14772
1318-22-001-007,13366,13366,13366,13366,13366,13366,13366,13366,13366,13366,13366,13366,13366,13366
1318-22-002-010,9390,9390,9390,9390,9390,9390,9390,9390,9390,,,,,
1318-22-002-012,4938,4938,4938,4938,4938,4938,4938,4938,4938,,,,,
1318-22-002-013,3290,3290,3290,3290,3290,3290,3290,3290,3290,3290,3290,3290,3290,3290
1318-22-002-014,14745,14745,14745,14745,14745,14745,14745,7945,7945,7945,7945,7945,7945,7945
1318-22-002-015,2522,2522,2522,2522,2522,2522,2522,2522,2522,,,,,
1318-22-002-016,9126,9126,9126,9126,9126,9126,9126,9126,9126,,,,,
1318-22-002-109,,,,,,,,,,25976,,,,
1318-22-002-113,,,,,,,,,,,25976,,,
1318-22-002-115,,,,,,,,,,,,25976,,
1318-23-314-007,20415,20415,20415,20415,20415,20415,20415,20415,20415,20415,20415,20415,20415,20415
1318-23-401-007,10665,10665,10665,10665,10665,10665,10665,10665,10665,10665,10665,10665,10665,10665
1318-23-401-009,8559,8559,8559,8559,8559,8559,8559,8559,8559,8559,8559,8559,8559,8559
1318-23-401-010,10987,10987,10987,10987,10987,10987,10987,10987,10987,10987,10987,10987,10987,10987
1318-23-401-011,4079,4079,4079,4079,4079,4079,4079,4079,4079,4079,4079,4079,4079,4079
1318-23-401-013,8543,8543,8543,8543,8543,8543,8543,8543,8543,8543,8543,8543,8543,8543
1318-23-401-019,759,759,759,759,759,759,759,759,759,759,759,759,759,759
1318-23-401-020,34031,34031,34031,34031,34031,34031,34031,34031,34031,34031,34031,34031,34031,34031
1318-23-401-021,12840,12840,12840,12840,12840,12840,12840,12840,12840,12840,12840,12840,12840,12840
1318-23-401-022,1536,1536,1536,1536,1536,1536,1536,1536,1536,1536,1536,1536,1536,1536
1318-23-401-023,3673,3673,3673,3673,3673,3673,3673,3673,3673,3673,3673,3673,3673,3673
1318-23-401-026,39748,39748,39748,39748,39748,39748,39748,39748,39748,39748,39748,39748,39748,39748
1318-23-401-027,4576,4576,4576,4576,4576,4576,4576,4576,4576,4576,4576,4576,4576,4576
1318-23-401-028,4843,4843,4843,4843,4843,4843,4843,4843,4843,4843,4843,4843,4843,4843
1318-23-401-029,11098,11098,11098,11098,11098,11098,11098,11098,11098,11098,11098,11098,11098,11098
1318-23-401-030,4093,4093,4093,4093,4093,4093,4093,4093,4093,4093,4093,4093,4093,4093
1318-23-401-031,1251,1251,1251,1251,1251,1251,1251,1251,1251,1251,1251,1251,1251,1251
1318-23-401-032,3491,3491,3491,3491,3491,3491,3491,3491,3491,3491,3491,3491,3491,3491
1318-23-401-034,6191,6191,6191,6191,6191,6191,6191,6191,6191,6191,6191,6191,6191,6191
1318-23-401-036,3532,3532,3532,3532,3532,3532,3532,3532,3532,3532,3532,3532,3532,3532
1318-23-401-037,51369,51369,51369,51369,51369,51369,,,,,,,,
1318-23-401-041,13926,13926,13926,13926,13926,13926,,,,,,,,
1318-23-401-044,11954,11954,11954,11954,11954,11954,11954,11954,11954,11954,11954,11954,11954,11954
1318-23-401-045,25789,25789,25789,25789,25789,25789,25789,25789,25789,25789,25789,25789,25789,25789
1318-23-401-049,,,,,,,13926,13926,13926,13926,13926,13926,13926,13926
1318-23-401-051,,,,,,,51369,51369,51369,51369,51369,51369,51369,51369
1318-23-410-001,2144,2144,2144,2144,2144,2144,2144,2144,2144,2144,2144,2144,2144,2144
1318-23-410-076,2045,2045,2045,2045,2045,2045,2045,2045,2045,2045,2045,2045,2045,2045
1318-23-411-001,3754,3754,3754,3754,3754,3754,3754,3754,3754,3754,3754,3754,3754,3754
1318-24-401-008,7513,7513,7513,7513,7513,7513,7513,7513,7513,7513,7513,7513,7513,7513
1318-24-601-006,10893,10893,10893,10893,10893,10893,10893,10893,10893,10893,10893,10893,10893,10893
1318-24-601-007,6515,6515,6515,6515,6515,6515,6515,6515,6515,6515,6515,6515,6515,6515
1318-26-101-002,3666,3666,3666,3666,3666,3666,3666,3666,3666,3666,3666,3666,3666,3666
1318-26-101-003,7149,7149,7149,7149,7149,7149,7149,7149,7149,7149,7149,7149,7149,7149
1318-26-101-005,13084,13084,13084,13084,13084,13084,13084,13084,13084,13084,13084,13084,13084,13084
1318-26-101-007,7846,7846,7846,7846,7846,7846,,,,,,,,
1318-26-101-009,6881,6881,6881,6881,6881,6881,6881,6881,6881,6881,6881,6881,6881,6881
1318-26-101-011,,,,,,,,,1235,1235,1235,1235,1235,1235
1318-26-101-014,6856,6856,6856,6856,6856,6856,6856,6856,6856,6856,6856,6856,6856,6856
1318-26-101-015,767,767,767,767,767,767,767,767,767,767,767,767,767,767
1318-26-101-016,3250,3250,3250,3250,3250,3250,3250,3250,3250,3250,3250,3250,3250,3250
1318-26-101-018,754,754,754,754,754,754,754,754,754,754,754,754,754,754
1318-26-101-063,2927,2927,2927,2927,2927,2927,2927,2927,2927,2927,2927,2927,2927,2927
1318-26-101-094,,,,,,,7846,7846,7846,7846,7846,7846,7846,7846
1318-27-001-009,,,2730,2730,2730,2730,2730,2730,2730,2730,2730,2730,2730,2730
1318-27-002-004,3200,3200,3200,3200,3200,3200,3200,3200,3200,3200,3200,3200,3200,3200
1319-19-201-003,1804,1804,1804,1804,1804,1804,1804,1804,1804,1804,1804,1804,1804,1804
1319-19-802-004,3175,3175,3175,3175,3175,3175,3175,3175,3175,3175,3175,3175,3175,3175
1319-19-802-005,7110,7110,7110,7110,7110,7110,7110,7110,7110,7110,7110,7110,7110,7110
132-012-01,3181,3181,3181,3181,3181,3181,3181,3181,3181,3181,3181,3181,3181,3181
132-012-02,115507,115507,115507,115507,115507,115507,115507,115507,115507,115507,115507,115507,115507,115507
132-012-03,26477,26477,26477,26477,26477,26477,26477,26477,26477,26477,26477,26477,26477,26477
132-012-04,10088,10088,10088,10088,10088,10088,10088,10088,10088,10088,10088,10088,10088,10088
132-020-09,11033,11033,11033,11033,11033,11033,11033,11033,11033,11033,11033,11033,11033,11033
132-020-12,9632,9632,9632,9632,9632,9632,9632,9632,9632,9632,9632,9632,9632,9632
132-020-13,7112,7112,7112,7112,7112,7112,7112,7112,7112,7112,7112,7112,7112,7112
132-020-14,4911,4911,4911,4911,4911,4911,4911,4911,4911,4911,4911,4911,4911,4911
132-020-16,14965,14965,14965,14965,14965,14965,14965,14965,14965,14965,14965,14965,14965,14965
132-020-18,10441,10441,10441,10441,10441,10441,10441,10441,10441,10441,10441,10441,10441,10441
132-020-20,5152,5152,5152,5152,5152,5152,5152,5152,5152,5152,5152,5152,5152,5152
132-020-22,1378,1378,1378,1378,1378,1378,1378,1378,1378,1378,1378,1378,1378,1378
132-020-23,6413,6413,6413,6413,6413,6413,6413,6413,6413,6413,6413,6413,6413,6413
132-201-06,11137,11137,11137,11137,11137,11137,11137,11137,11137,11137,11137,11137,11137,11137
132-201-07,62133,62133,62133,62133,62133,62133,62133,62133,62133,62133,62133,62133,62133,62133
132-202-09,9681,9681,9681,9681,9681,9681,9681,9681,9681,9681,9681,9681,9681,9681
132-203-01,6697,6697,6697,6697,6697,6697,6697,6697,6697,6697,6697,6697,6697,6697
132-203-02,3401,3401,3401,3401,3401,3401,3401,3401,3401,3401,3401,3401,3401,3401
132-211-04,4104,4104,4104,4104,4104,4104,4104,4104,4104,4104,4104,4104,4104,4104
132-211-05,20439,20439,20439,20439,20439,20439,20439,20439,20439,20439,20439,20439,20439,20439
132-221-05,861,861,861,861,861,861,861,861,861,861,861,861,861,861
132-221-06,2838,2838,2838,2838,2838,2838,2838,2838,2838,2838,2838,2838,2838,2838
132-221-12,1999,1999,1999,1999,1999,1999,1999,1999,1999,1999,1999,1999,1999,1999
132-222-04,2723,2723,2723,2723,2723,2723,2723,2723,2723,2723,2723,2723,2723,2723
132-222-05,2231,2231,2231,2231,2231,2231,2231,2231,2231,2231,2231,2231,2231,2231
132-222-11,2869,2869,2869,2869,2869,2869,2869,2869,2869,2869,2869,2869,2869,2869
132-222-12,1489,1489,1489,1489,1489,1489,1489,1489,1489,1489,1489,1489,1489,1489
132-222-15,12600,12600,12600,12600,12600,12600,12600,12600,12600,12600,12600,12600,12600,12600
132-222-16,4520,4520,4520,4520,4520,4520,4520,4520,4520,4520,4520,4520,4520,4520
132-222-17,5180,5180,5180,5180,5180,5180,2975,2975,2975,2975,2975,2975,2975,2975
132-222-19,4000,4000,4000,4000,4000,4000,4000,4000,4000,4000,4000,4000,4000,4000
132-222-21,3995,3995,3995,3995,3995,3995,3995,3995,3995,3995,3995,3995,3995,3995
132-223-01,2016,2016,2016,2016,2016,2016,2016,2016,2016,2016,2016,2016,2016,2016
132-223-02,6448,6448,6448,6448,6448,6448,6448,6448,6448,6448,6448,6448,6448,6448
132-223-05,4784,4784,4784,4784,4784,4784,4784,4784,4784,4784,4784,4784,4784,4784
132-223-11,2630,2630,2630,2630,2630,2630,2630,2630,2630,2630,2630,2630,2630,2630
132-231-01,15291,15291,15291,15291,15291,15291,15291,15291,15291,15291,15291,15291,15291,15291
132-231-02,10987,10987,10987,10987,10987,10987,10987,10987,10987,10987,10987,10987,10987,10987
132-231-03,6417,6417,6417,6417,6417,6417,6417,6417,6417,6417,6417,6417,6417,6417
132-231-04,9679,9679,9679,9679,9679,9679,9679,9679,9679,9679,9679,9679,9679,9679
132-231-05,11196,11196,11196,11196,11196,11196,11196,11196,11196,11196,11196,11196,11196,11196
132-231-07,12040,12040,12040,12040,12040,12040,12040,12040,12118,12118,12118,12118,12118,12118
132-231-08,9093,9093,9093,9093,9093,9093,9093,9093,9093,9093,9093,9093,9093,9093
132-231-09,2631,2631,2631,2631,2631,2631,2631,2631,2631,2631,2631,2631,,
132-231-12,5046,5046,5046,5046,5046,5046,5046,5046,5046,5046,5046,5046,5046,5046
132-231-15,16815,16815,16815,16815,16815,16815,16815,16815,16815,16815,16815,16815,16815,16815
132-231-20,13092,13092,13092,13092,13092,13092,13092,13092,13092,13092,13092,13092,13092,13092
132-231-21,8816,8816,8816,8816,8816,8816,8816,8816,8816,8816,8816,8816,8816,8816
132-231-22,4142,4142,4142,4142,4142,4142,4142,4142,4142,4142,4142,4142,4142,4142
132-231-25,5624,5624,5624,5624,5624,5624,5624,5624,5624,5624,5624,5624,5624,5624
132-231-26,3542,3542,3542,3542,3542,3542,3542,3542,3542,3542,3542,3542,3542,3542
132-232-01,10152,10152,10152,10152,10152,10152,10152,10152,10152,10152,10152,10152,10152,10152
132-232-07,10384,10384,10384,10384,10384,10384,10384,10384,10384,10384,10384,10384,10384,10384
132-232-08,17239,17239,17239,17239,17239,17239,17239,17239,17239,17239,20213,20213,20213,20213
132-232-09,13001,13001,13001,13001,13001,13001,13001,13001,13001,13001,13001,13001,13001,13001
132-232-13,4049,4049,4049,4049,4049,4049,4049,4049,4049,4049,4049,4049,4049,4049
132-232-14,6151,6151,6151,6151,6151,6151,6151,6151,6151,6151,6151,6151,6151,6151
132-232-15,31126,31126,31126,31126,31126,31126,31126,31126,31126,31126,31126,31126,31126,31126
132-233-01,700,700,700,700,700,700,700,700,700,700,700,700,700,700
132-240-01,20519,20519,20519,20519,20519,20519,20519,20519,20519,,,,,
132-240-02,3024,3024,3024,3024,3024,3024,3024,3024,3024,,,,,
132-240-03,1508,1508,1508,1508,1508,1508,1508,1508,1508,,,,,
132-240-04,3662,3662,3662,3662,3662,3662,3662,3662,3662,3662,3662,3662,3662,3662
132-240-05,4692,4692,4692,4692,4692,4692,4692,4692,4692,4692,4692,4692,4692,4692
132-240-06,3531,3531,3531,3531,3531,3531,3531,3531,3531,3531,3531,3531,3531,3531
132-240-07,3477,3477,3477,3477,3477,3477,3477,3477,3477,3477,3477,3477,3477,3477
132-240-10,8012,8012,8012,8012,8012,8012,8012,8012,8012,8012,8012,8012,8012,8012
132-240-11,2383,2383,2383,2383,2383,2383,2383,2383,2383,2383,2383,2383,2383,2383
132-240-13,2318,2318,2318,2318,2318,2318,2318,2318,2318,2318,2318,2318,2318,2318
132-240-14,4193,4193,4193,4193,4193,4193,4193,4193,4193,4193,4193,4193,4193,4193
132-240-16,4654,4654,4654,4654,4654,4654,4654,4654,4654,4654,4654,4654,4654,4654
132-240-19,,,,,,,,,,20519,20519,20519,20519,20519
132-240-20,,,,,,,,,,3024,,,,
132-240-21,,,,,,,,,,1508,,,,
132-240-22,,,,,,,,,,,4532,4532,13232,13232
132-260-00,2565,2565,2565,2565,2565,2565,2565,2565,2565,2565,2565,2565,2565,2565
132-260-01,2124,2124,2124,2124,2124,2124,2124,2124,2124,2124,2124,2124,2124,2124
132-260-07,2225,2225,2225,2225,2225,2225,2225,2225,2225,2225,2225,2225,2225,2225
132-432-03,4971,4971,4971,4971,4971,4971,4971,4971,4971,4971,4971,4971,4971,4971
132-432-06,4939,4939,4939,4939,4939,4939,4939,4939,4939,4939,4939,4939,4939,4939
132-432-09,4483,4483,4483,4483,4483,4483,4483,4483,4483,4483,4483,4483,4483,4483
132-432-11,4067,4067,4067,4067,4067,4067,4067,4067,4067,4067,4067,4067,4067,4067
132-600-01,,,,,6121,6121,6121,6121,6121,6121,6121,6121,6121,6121
1418-27-410-001,3529,3529,3529,3529,3529,3529,3529,3529,3529,3529,3529,3529,3529,3529
1418-34-111-024,1242,1242,1242,1242,1242,1242,1242,1242,1242,1242,1242,1242,1242,1242
1418-34-101-001,1752,0,0,0,0,0,0,0,0,0,0,0,0,0
117-110-015,2510,2510,2510,2510,2510,2510,0,0,0,0,0,0,0,0
027-072-010,,,,,,,1550,1550,1550,1550,0,0,0,0
027-072-10,1550,1550,1550,1550,1550,1550,,,,,,,,
029-095-009,,,,,,,1929,1929,1929,1929,0,0,0,0
029-095-09,1929,1929,1929,1929,1929,1929,,,,,,,,
029-331-001,,,,,,,1537,1537,1537,1537,0,0,0,0
029-331-01,1537,1537,1537,1537,1537,1537,,,,,,,,
127-040-03,3871,3871,3871,0,0,0,0,0,0,0,0,0,0,0
090-192-061,0,0,0,0,0,0,0,0,0,0,0,0,0,1828
117-130-014,576,576,576,576,576,576,576,576,576,576,576,576,576,0
023-181-040,0,0,0,0,0,0,0,0,0,0,0,0,0,2800
031-030-010,,,,,,,1500,1500,1500,1500,1500,1500,1500,1500
031-030-10,1500,1500,1500,1500,1500,1500,,,,,,,,
031-241-011,,,,,,,965,965,965,965,965,965,965,965
031-241-11,965,965,965,965,965,965,,,,,,,,
031-290-39,4000,4000,4000,4000,4000,4000,,,,,,,,
031-290-039,,,,,,,4000,4000,4000,4000,4000,4000,4000,
090-041-029,196,196,196,196,196,196,196,196,196,196,196,196,196,196
093-051-007,11446,11446,11446,11446,11446,11446,11446,11446,11446,11446,11446,11446,11446,11446
094-190-011,143,143,143,143,143,143,143,143,143,143,143,143,143,143
098-210-024,2406,2406,2406,2406,2406,2406,2406,2406,2406,2406,2406,2406,2406,2406
117-071-028,1077,1077,1077,1077,1077,1077,1077,1077,1077,1077,1077,1077,1077,1077
123-280-00,7389,7389,7389,7389,7389,7389,7389,7389,7389,7389,7389,7389,7389,7389
127-440-00,2315,2315,2315,2315,2315,2315,2315,2315,2315,2315,2315,2315,2315,2315
1318-16-801-001,7180,7180,7180,7180,7180,7180,7180,7180,7180,7180,7180,2240,2240,2240
