APN,YEAR,_merge
007-011-06,2021,left_only
007-011-09,2021,left_only
007-021-05,2021,left_only
007-031-17,2021,left_only
010-180-004,2021,left_only
010-190-001,2021,left_only
010-210-004,2021,left_only
010-230-001,2021,left_only
010-230-002,2021,left_only
010-250-001,2021,left_only
010-250-006,2021,left_only
013-020-006,2021,left_only
013-040-002,2021,left_only
014-021-011,2021,left_only
014-021-012,2021,left_only
014-050-002,2021,left_only
014-080-001,2021,left_only
014-080-002,2021,left_only
014-080-004,2021,left_only
014-091-010,2021,left_only
014-091-011,2021,left_only
014-231-010,2021,left_only
014-232-007,2021,left_only
014-233-008,2021,left_only
014-233-012,2021,left_only
014-233-015,2021,left_only
014-234-011,2021,left_only
014-236-011,2021,left_only
014-238-006,2021,left_only
014-243-010,2021,left_only
014-244-012,2021,left_only
014-248-018,2021,left_only
014-262-007,2021,left_only
014-273-005,2021,left_only
014-274-004,2021,left_only
014-282-004,2021,left_only
014-282-007,2021,left_only
014-283-005,2021,left_only
014-283-008,2021,left_only
014-291-008,2021,left_only
014-291-012,2021,left_only
014-292-005,2021,left_only
014-292-008,2021,left_only
014-292-014,2021,left_only
014-292-015,2021,left_only
014-302-014,2021,left_only
014-321-001,2021,left_only
014-322-004,2021,left_only
014-331-003,2021,left_only
014-331-005,2021,left_only
014-332-007,2021,left_only
014-351-002,2021,left_only
014-352-002,2021,left_only
015-032-018,2021,left_only
015-033-023,2021,left_only
015-034-017,2021,left_only
015-034-019,2021,left_only
015-061-008,2021,left_only
015-062-010,2021,left_only
015-062-012,2021,left_only
015-062-013,2021,left_only
015-063-004,2021,left_only
015-064-024,2021,left_only
015-101-004,2021,left_only
015-101-022,2021,left_only
015-102-011,2021,left_only
015-102-013,2021,left_only
015-102-027,2021,left_only
015-103-010,2021,left_only
015-103-030,2021,left_only
015-104-013,2021,left_only
015-114-002,2021,left_only
015-151-008,2021,left_only
015-151-014,2021,left_only
015-151-015,2021,left_only
015-151-017,2021,left_only
015-152-012,2021,left_only
015-152-013,2021,left_only
015-152-019,2021,left_only
015-153-001,2021,left_only
015-153-008,2021,left_only
015-153-012,2021,left_only
015-161-003,2021,left_only
015-161-013,2021,left_only
015-161-018,2021,left_only
015-162-011,2021,left_only
015-163-003,2021,left_only
015-164-010,2021,left_only
015-164-014,2021,left_only
015-201-022,2021,left_only
015-202-001,2021,left_only
015-202-013,2021,left_only
015-203-012,2021,left_only
015-204-015,2021,left_only
015-204-023,2021,left_only
015-211-009,2021,left_only
015-211-013,2021,left_only
015-211-017,2021,left_only
015-212-001,2021,left_only
015-212-025,2021,left_only
015-213-022,2021,left_only
015-214-004,2021,left_only
015-214-006,2021,left_only
015-215-008,2021,left_only
015-251-006,2021,left_only
015-251-021,2021,left_only
015-251-026,2021,left_only
015-252-013,2021,left_only
015-252-014,2021,left_only
015-252-016,2021,left_only
015-253-012,2021,left_only
015-253-024,2021,left_only
015-254-011,2021,left_only
015-254-015,2021,left_only
015-254-017,2021,left_only
015-262-003,2021,left_only
015-263-015,2021,left_only
015-263-017,2021,left_only
015-263-018,2021,left_only
015-301-001,2021,left_only
015-302-015,2021,left_only
015-302-021,2021,left_only
015-302-024,2021,left_only
015-302-027,2021,left_only
015-304-001,2021,left_only
015-311-004,2021,left_only
015-312-002,2021,left_only
015-313-021,2021,left_only
015-313-041,2021,left_only
015-314-017,2021,left_only
015-314-018,2021,left_only
015-315-013,2021,left_only
015-322-017,2021,left_only
015-322-026,2021,left_only
015-323-022,2021,left_only
015-323-032,2021,left_only
015-324-010,2021,left_only
015-324-021,2021,left_only
015-331-012,2021,left_only
015-340-006,2021,left_only
015-351-006,2021,left_only
015-351-015,2021,left_only
015-351-028,2021,left_only
015-381-007,2021,left_only
015-381-020,2021,left_only
015-381-021,2021,left_only
015-391-010,2021,left_only
015-391-014,2021,left_only
015-391-019,2021,left_only
015-420-009,2021,left_only
016-051-049,2021,left_only
016-061-006,2021,left_only
016-081-030,2021,left_only
016-151-007,2021,left_only
016-151-033,2021,left_only
016-161-018,2021,left_only
016-161-030,2021,left_only
016-181-019,2021,left_only
016-181-020,2021,left_only
016-191-022,2021,left_only
016-202-022,2021,left_only
016-232-008,2021,left_only
016-251-004,2021,left_only
016-284-002,2021,left_only
016-284-004,2021,left_only
016-292-031,2021,left_only
016-312-001,2021,left_only
016-323-002,2021,left_only
016-371-009,2021,left_only
016-373-004,2021,left_only
016-381-003,2021,left_only
016-381-012,2021,left_only
016-382-004,2021,left_only
016-422-005,2021,left_only
016-434-008,2021,left_only
016-443-002,2021,left_only
016-443-007,2021,left_only
016-451-007,2021,left_only
016-461-012,2021,left_only
016-513-001,2021,left_only
016-522-017,2021,left_only
016-532-004,2021,left_only
018-191-017,2021,left_only
018-191-020,2021,left_only
018-282-002,2021,left_only
018-291-018,2021,left_only
018-292-004,2021,left_only
018-292-007,2021,left_only
018-320-018,2021,left_only
021-031-011,2021,left_only
021-210-005,2021,left_only
021-251-017,2021,left_only
021-251-020,2021,left_only
021-301-006,2021,left_only
021-301-023,2021,left_only
021-321-012,2021,left_only
021-321-026,2021,left_only
021-420-001,2021,left_only
021-420-016,2021,left_only
021-420-030,2021,left_only
022-031-005,2021,left_only
022-031-006,2021,left_only
022-031-008,2021,left_only
022-031-014,2021,left_only
022-032-003,2021,left_only
022-032-014,2021,left_only
022-041-018,2021,left_only
022-051-020,2021,left_only
022-051-022,2021,left_only
022-051-048,2021,left_only
022-061-041,2021,left_only
022-061-042,2021,left_only
022-061-056,2021,left_only
022-071-015,2021,left_only
022-101-009,2021,left_only
022-101-010,2021,left_only
022-101-016,2021,left_only
022-101-017,2021,left_only
022-101-050,2021,left_only
022-132-003,2021,left_only
022-132-010,2021,left_only
022-132-020,2021,left_only
022-132-033,2021,left_only
022-134-002,2021,left_only
022-134-015,2021,left_only
022-161-003,2021,left_only
022-161-025,2021,left_only
022-163-003,2021,left_only
022-171-013,2021,left_only
022-171-034,2021,left_only
022-181-007,2021,left_only
022-182-007,2021,left_only
022-182-030,2021,left_only
022-182-040,2021,left_only
022-192-015,2021,left_only
022-194-004,2021,left_only
022-195-005,2021,left_only
022-195-007,2021,left_only
022-221-015,2021,left_only
022-231-008,2021,left_only
022-231-014,2021,left_only
022-241-021,2021,left_only
022-251-065,2021,left_only
022-251-081,2021,left_only
022-271-013,2021,left_only
022-271-015,2021,left_only
022-281-009,2021,left_only
022-281-012,2021,left_only
022-281-017,2021,left_only
022-281-019,2021,left_only
022-291-004,2021,left_only
022-322-021,2021,left_only
022-322-047,2021,left_only
022-322-054,2021,left_only
022-322-065,2021,left_only
022-332-017,2021,left_only
022-332-046,2021,left_only
022-341-010,2021,left_only
022-341-012,2021,left_only
022-344-001,2021,left_only
022-351-031,2021,left_only
022-351-034,2021,left_only
022-371-011,2021,left_only
022-371-020,2021,left_only
022-411-006,2021,left_only
022-411-013,2021,left_only
022-421-025,2021,left_only
022-421-044,2021,left_only
022-421-062,2021,left_only
022-421-071,2021,left_only
023-101-002,2021,left_only
023-101-017,2021,left_only
023-102-005,2021,left_only
023-102-007,2021,left_only
023-102-014,2021,left_only
023-102-034,2021,left_only
023-103-004,2021,left_only
023-103-008,2021,left_only
023-103-009,2021,left_only
023-103-023,2021,left_only
023-111-009,2021,left_only
023-111-052,2021,left_only
023-131-008,2021,left_only
023-132-016,2021,left_only
023-141-003,2021,left_only
023-141-008,2021,left_only
023-151-007,2021,left_only
023-151-014,2021,left_only
023-151-021,2021,left_only
023-152-012,2021,left_only
023-171-011,2021,left_only
023-171-024,2021,left_only
023-172-016,2021,left_only
023-172-019,2021,left_only
023-181-015,2021,left_only
023-181-027,2021,left_only
023-181-040,2021,left_only
023-182-027,2021,left_only
023-201-030,2021,left_only
023-201-042,2021,left_only
023-201-059,2021,left_only
023-201-063,2021,left_only
023-201-071,2021,left_only
023-211-024,2021,left_only
023-211-028,2021,left_only
023-211-031,2021,left_only
023-211-045,2021,left_only
023-211-049,2021,left_only
023-221-009,2021,left_only
023-221-028,2021,left_only
023-221-046,2021,left_only
023-221-053,2021,left_only
023-261-028,2021,left_only
023-281-017,2021,left_only
023-311-023,2021,left_only
023-311-045,2021,left_only
023-311-055,2021,left_only
023-321-016,2021,left_only
023-351-004,2021,left_only
023-362-007,2021,left_only
023-362-022,2021,left_only
023-371-006,2021,left_only
023-371-007,2021,left_only
023-391-005,2021,left_only
023-391-008,2021,left_only
023-441-014,2021,left_only
023-442-019,2021,left_only
023-452-010,2021,left_only
023-461-010,2021,left_only
023-462-003,2021,left_only
023-462-004,2021,left_only
023-462-011,2021,left_only
023-462-014,2021,left_only
023-462-015,2021,left_only
023-471-011,2021,left_only
023-471-023,2021,left_only
023-472-014,2021,left_only
023-481-002,2021,left_only
023-482-008,2021,left_only
023-482-009,2021,left_only
023-491-019,2021,left_only
023-501-014,2021,left_only
023-501-022,2021,left_only
023-502-036,2021,left_only
023-511-011,2021,left_only
023-511-014,2021,left_only
023-512-011,2021,left_only
023-531-006,2021,left_only
023-541-011,2021,left_only
023-541-024,2021,left_only
023-541-028,2021,left_only
023-541-035,2021,left_only
023-542-003,2021,left_only
023-542-010,2021,left_only
023-542-015,2021,left_only
023-542-019,2021,left_only
023-543-011,2021,left_only
023-552-012,2021,left_only
023-553-006,2021,left_only
023-555-005,2021,left_only
023-561-012,2021,left_only
023-561-020,2021,left_only
023-571-001,2021,left_only
023-572-005,2021,left_only
023-582-014,2021,left_only
023-601-018,2021,left_only
023-602-007,2021,left_only
023-602-020,2021,left_only
023-602-021,2021,left_only
023-612-002,2021,left_only
023-621-003,2021,left_only
023-621-017,2021,left_only
023-624-002,2021,left_only
023-624-028,2021,left_only
023-624-031,2021,left_only
023-625-022,2021,left_only
023-631-003,2021,left_only
023-632-001,2021,left_only
023-632-009,2021,left_only
023-633-009,2021,left_only
023-641-006,2021,left_only
023-643-003,2021,left_only
023-644-013,2021,left_only
023-645-024,2021,left_only
023-646-008,2021,left_only
023-652-009,2021,left_only
023-653-022,2021,left_only
023-653-024,2021,left_only
023-661-043,2021,left_only
023-663-012,2021,left_only
023-665-006,2021,left_only
023-681-006,2021,left_only
023-682-002,2021,left_only
023-682-027,2021,left_only
023-683-001,2021,left_only
023-684-005,2021,left_only
023-684-007,2021,left_only
023-686-003,2021,left_only
023-686-007,2021,left_only
023-687-002,2021,left_only
023-687-004,2021,left_only
023-691-020,2021,left_only
023-691-031,2021,left_only
023-692-011,2021,left_only
023-693-016,2021,left_only
023-693-018,2021,left_only
023-694-003,2021,left_only
023-694-021,2021,left_only
023-695-014,2021,left_only
023-696-018,2021,left_only
023-733-015,2021,left_only
023-733-021,2021,left_only
023-734-017,2021,left_only
023-736-001,2021,left_only
023-741-001,2021,left_only
023-741-007,2021,left_only
023-741-014,2021,left_only
023-742-017,2021,left_only
023-742-021,2021,left_only
023-742-028,2021,left_only
023-743-026,2021,left_only
023-744-004,2021,left_only
023-744-017,2021,left_only
023-744-022,2021,left_only
023-745-008,2021,left_only
023-745-011,2021,left_only
023-751-009,2021,left_only
023-751-015,2021,left_only
023-751-016,2021,left_only
023-751-017,2021,left_only
023-752-006,2021,left_only
023-753-003,2021,left_only
023-753-008,2021,left_only
023-754-013,2021,left_only
023-754-015,2021,left_only
023-755-005,2021,left_only
023-755-011,2021,left_only
023-756-005,2021,left_only
023-761-009,2021,left_only
023-763-006,2021,left_only
023-772-033,2021,left_only
023-772-038,2021,left_only
023-782-026,2021,left_only
023-783-004,2021,left_only
023-783-005,2021,left_only
023-783-012,2021,left_only
023-783-013,2021,left_only
023-783-014,2021,left_only
023-784-005,2021,left_only
023-802-003,2021,left_only
023-802-010,2021,left_only
023-811-004,2021,left_only
023-811-008,2021,left_only
023-811-014,2021,left_only
023-821-013,2021,left_only
023-821-027,2021,left_only
023-830-018,2021,left_only
023-830-026,2021,left_only
023-830-030,2021,left_only
023-830-045,2021,left_only
023-891-010,2021,left_only
023-891-017,2021,left_only
023-892-009,2021,left_only
023-901-009,2021,left_only
023-903-005,2021,left_only
023-903-010,2021,left_only
023-903-015,2021,left_only
023-903-018,2021,left_only
023-903-019,2021,left_only
023-904-017,2021,left_only
023-912-013,2021,left_only
025-021-079,2021,left_only
025-031-023,2021,left_only
025-193-011,2021,left_only
025-193-021,2021,left_only
025-193-030,2021,left_only
025-202-007,2021,left_only
025-205-002,2021,left_only
025-211-011,2021,left_only
025-211-013,2021,left_only
025-212-006,2021,left_only
025-214-005,2021,left_only
025-214-006,2021,left_only
025-223-003,2021,left_only
025-223-004,2021,left_only
025-226-001,2021,left_only
025-226-007,2021,left_only
025-226-008,2021,left_only
025-231-011,2021,left_only
025-231-015,2021,left_only
025-231-025,2021,left_only
025-232-008,2021,left_only
025-241-007,2021,left_only
025-252-004,2021,left_only
025-252-007,2021,left_only
025-261-012,2021,left_only
025-271-008,2021,left_only
025-272-015,2021,left_only
025-293-005,2021,left_only
025-301-008,2021,left_only
025-312-015,2021,left_only
025-313-003,2021,left_only
025-321-005,2021,left_only
025-331-013,2021,left_only
025-341-011,2021,left_only
025-342-012,2021,left_only
025-342-014,2021,left_only
025-342-021,2021,left_only
025-343-005,2021,left_only
025-343-013,2021,left_only
025-351-003,2021,left_only
025-352-009,2021,left_only
025-352-014,2021,left_only
025-353-003,2021,left_only
025-353-004,2021,left_only
025-371-003,2021,left_only
025-372-023,2021,left_only
025-372-024,2021,left_only
025-373-001,2021,left_only
025-374-018,2021,left_only
025-375-002,2021,left_only
025-375-017,2021,left_only
025-376-008,2021,left_only
025-376-010,2021,left_only
025-377-009,2021,left_only
025-377-010,2021,left_only
025-391-006,2021,left_only
025-391-009,2021,left_only
025-391-011,2021,left_only
025-393-008,2021,left_only
025-394-008,2021,left_only
025-394-013,2021,left_only
025-394-019,2021,left_only
025-394-021,2021,left_only
025-395-005,2021,left_only
025-402-001,2021,left_only
025-402-019,2021,left_only
025-404-003,2021,left_only
025-412-005,2021,left_only
025-413-014,2021,left_only
025-421-004,2021,left_only
025-421-011,2021,left_only
025-442-008,2021,left_only
025-481-002,2021,left_only
025-481-004,2021,left_only
025-481-011,2021,left_only
025-481-012,2021,left_only
025-481-024,2021,left_only
025-481-032,2021,left_only
025-491-005,2021,left_only
025-541-022,2021,left_only
025-541-026,2021,left_only
025-542-006,2021,left_only
025-542-010,2021,left_only
025-543-005,2021,left_only
025-543-007,2021,left_only
025-543-010,2021,left_only
025-580-004,2021,left_only
025-580-009,2021,left_only
025-592-007,2021,left_only
025-593-003,2021,left_only
025-594-002,2021,left_only
025-613-008,2021,left_only
025-631-005,2021,left_only
025-632-004,2021,left_only
025-633-001,2021,left_only
025-633-030,2021,left_only
025-652-005,2021,left_only
025-670-015,2021,left_only
025-670-019,2021,left_only
025-681-009,2021,left_only
025-702-026,2021,left_only
025-702-039,2021,left_only
025-741-005,2021,left_only
025-742-008,2021,left_only
025-743-003,2021,left_only
025-744-012,2021,left_only
025-744-016,2021,left_only
025-755-019,2021,left_only
025-756-009,2021,left_only
025-757-005,2021,left_only
025-757-008,2021,left_only
025-761-004,2021,left_only
025-761-006,2021,left_only
025-763-022,2021,left_only
025-764-015,2021,left_only
025-764-024,2021,left_only
025-764-031,2021,left_only
025-765-016,2021,left_only
025-765-017,2021,left_only
025-767-002,2021,left_only
025-770-003,2021,left_only
025-791-002,2021,left_only
025-793-007,2021,left_only
025-793-014,2021,left_only
025-803-004,2021,left_only
025-803-014,2021,left_only
025-803-015,2021,left_only
025-805-002,2021,left_only
025-812-013,2021,left_only
025-812-017,2021,left_only
025-813-019,2021,left_only
025-815-011,2021,left_only
025-822-004,2021,left_only
025-831-020,2021,left_only
025-833-001,2021,left_only
025-881-002,2021,left_only
025-891-007,2021,left_only
025-891-019,2021,left_only
025-891-033,2021,left_only
025-901-003,2021,left_only
025-901-009,2021,left_only
025-901-012,2021,left_only
025-901-020,2021,left_only
025-930-031,2021,left_only
026-023-005,2021,left_only
026-024-010,2021,left_only
026-024-012,2021,left_only
026-025-016,2021,left_only
026-026-001,2021,left_only
026-026-016,2021,left_only
026-026-021,2021,left_only
026-031-011,2021,left_only
026-032-014,2021,left_only
026-033-012,2021,left_only
026-035-004,2021,left_only
026-035-006,2021,left_only
026-037-004,2021,left_only
026-037-016,2021,left_only
026-038-007,2021,left_only
026-038-012,2021,left_only
026-041-019,2021,left_only
026-042-002,2021,left_only
026-044-007,2021,left_only
026-044-011,2021,left_only
026-045-007,2021,left_only
026-046-001,2021,left_only
026-046-011,2021,left_only
026-046-018,2021,left_only
026-048-012,2021,left_only
026-062-010,2021,left_only
026-063-013,2021,left_only
026-064-004,2021,left_only
026-064-010,2021,left_only
026-065-013,2021,left_only
026-067-006,2021,left_only
026-067-015,2021,left_only
026-068-005,2021,left_only
026-068-009,2021,left_only
026-068-015,2021,left_only
026-074-007,2021,left_only
026-074-018,2021,left_only
026-075-010,2021,left_only
026-076-012,2021,left_only
026-076-013,2021,left_only
026-077-002,2021,left_only
026-077-005,2021,left_only
026-077-011,2021,left_only
026-079-006,2021,left_only
026-079-010,2021,left_only
026-079-013,2021,left_only
026-081-008,2021,left_only
026-083-005,2021,left_only
026-084-004,2021,left_only
026-085-012,2021,left_only
026-085-022,2021,left_only
026-086-005,2021,left_only
026-087-015,2021,left_only
026-088-010,2021,left_only
026-088-018,2021,left_only
026-088-021,2021,left_only
026-092-030,2021,left_only
026-093-007,2021,left_only
026-093-012,2021,left_only
026-093-015,2021,left_only
026-094-027,2021,left_only
026-094-042,2021,left_only
026-095-003,2021,left_only
026-097-003,2021,left_only
026-097-017,2021,left_only
026-098-020,2021,left_only
026-101-007,2021,left_only
026-101-008,2021,left_only
026-101-014,2021,left_only
026-101-019,2021,left_only
026-102-010,2021,left_only
026-102-032,2021,left_only
026-103-003,2021,left_only
026-104-005,2021,left_only
026-104-010,2021,left_only
026-104-011,2021,left_only
026-104-013,2021,left_only
026-105-005,2021,left_only
026-105-015,2021,left_only
026-105-019,2021,left_only
026-106-017,2021,left_only
026-106-020,2021,left_only
026-106-025,2021,left_only
026-107-014,2021,left_only
026-108-007,2021,left_only
026-108-010,2021,left_only
026-108-016,2021,left_only
026-109-010,2021,left_only
026-109-013,2021,left_only
026-112-006,2021,left_only
026-112-012,2021,left_only
026-112-015,2021,left_only
026-114-001,2021,left_only
026-114-028,2021,left_only
026-115-005,2021,left_only
026-122-021,2021,left_only
026-132-014,2021,left_only
026-133-005,2021,left_only
026-135-011,2021,left_only
026-136-015,2021,left_only
026-137-002,2021,left_only
026-138-015,2021,left_only
026-139-043,2021,left_only
026-143-002,2021,left_only
026-143-010,2021,left_only
026-143-019,2021,left_only
026-146-003,2021,left_only
026-146-006,2021,left_only
026-154-012,2021,left_only
026-221-007,2021,left_only
026-221-017,2021,left_only
026-221-037,2021,left_only
026-221-042,2021,left_only
026-231-012,2021,left_only
026-231-014,2021,left_only
026-241-005,2021,left_only
026-241-006,2021,left_only
026-241-009,2021,left_only
026-242-012,2021,left_only
026-251-007,2021,left_only
026-251-013,2021,left_only
026-252-011,2021,left_only
026-252-014,2021,left_only
026-253-005,2021,left_only
026-262-007,2021,left_only
026-271-018,2021,left_only
026-280-003,2021,left_only
027-010-014,2021,left_only
027-071-030,2021,left_only
027-074-022,2021,left_only
027-075-008,2021,left_only
027-075-015,2021,left_only
027-075-018,2021,left_only
027-076-014,2021,left_only
027-076-026,2021,left_only
027-076-032,2021,left_only
027-084-002,2021,left_only
027-084-003,2021,left_only
027-090-017,2021,left_only
027-090-020,2021,left_only
027-112-005,2021,left_only
027-113-001,2021,left_only
027-113-017,2021,left_only
027-113-023,2021,left_only
027-113-033,2021,left_only
027-113-036,2021,left_only
027-114-020,2021,left_only
027-114-023,2021,left_only
027-121-016,2021,left_only
027-123-009,2021,left_only
027-124-007,2021,left_only
027-124-013,2021,left_only
027-124-015,2021,left_only
027-124-021,2021,left_only
027-125-011,2021,left_only
027-125-014,2021,left_only
027-125-021,2021,left_only
027-125-032,2021,left_only
027-132-006,2021,left_only
027-132-027,2021,left_only
027-133-009,2021,left_only
027-134-017,2021,left_only
027-135-002,2021,left_only
027-135-021,2021,left_only
027-135-023,2021,left_only
027-136-023,2021,left_only
027-136-027,2021,left_only
027-136-029,2021,left_only
027-144-009,2021,left_only
027-144-014,2021,left_only
027-144-020,2021,left_only
027-144-029,2021,left_only
027-152-006,2021,left_only
027-152-018,2021,left_only
027-153-012,2021,left_only
027-153-030,2021,left_only
027-154-013,2021,left_only
027-155-030,2021,left_only
027-156-006,2021,left_only
027-156-016,2021,left_only
027-161-031,2021,left_only
027-163-013,2021,left_only
027-163-021,2021,left_only
027-163-026,2021,left_only
027-163-027,2021,left_only
027-170-012,2021,left_only
027-201-002,2021,left_only
027-201-006,2021,left_only
027-205-008,2021,left_only
027-221-018,2021,left_only
027-221-023,2021,left_only
027-221-038,2021,left_only
027-222-014,2021,left_only
027-223-016,2021,left_only
027-223-017,2021,left_only
027-225-023,2021,left_only
027-231-007,2021,left_only
027-231-018,2021,left_only
027-231-034,2021,left_only
027-232-020,2021,left_only
027-233-011,2021,left_only
027-234-017,2021,left_only
027-241-003,2021,left_only
027-241-023,2021,left_only
027-251-012,2021,left_only
027-311-005,2021,left_only
027-313-014,2021,left_only
027-321-004,2021,left_only
027-331-010,2021,left_only
027-331-015,2021,left_only
027-341-007,2021,left_only
027-341-009,2021,left_only
027-341-017,2021,left_only
027-342-009,2021,left_only
027-342-012,2021,left_only
027-343-015,2021,left_only
027-344-016,2021,left_only
027-344-055,2021,left_only
027-344-056,2021,left_only
027-344-065,2021,left_only
027-350-006,2021,left_only
027-352-008,2021,left_only
027-354-015,2021,left_only
027-355-013,2021,left_only
027-356-007,2021,left_only
027-357-010,2021,left_only
027-363-004,2021,left_only
027-363-011,2021,left_only
027-364-017,2021,left_only
027-381-001,2021,left_only
027-411-010,2021,left_only
027-411-024,2021,left_only
027-421-005,2021,left_only
027-421-007,2021,left_only
027-421-009,2021,left_only
027-421-011,2021,left_only
027-431-019,2021,left_only
027-461-008,2021,left_only
027-471-012,2021,left_only
027-471-018,2021,left_only
027-471-024,2021,left_only
027-501-002,2021,left_only
027-501-015,2021,left_only
027-501-016,2021,left_only
027-501-023,2021,left_only
027-501-025,2021,left_only
027-531-016,2021,left_only
027-531-021,2021,left_only
027-531-023,2021,left_only
027-531-025,2021,left_only
027-551-002,2021,left_only
027-551-009,2021,left_only
027-551-011,2021,left_only
027-561-002,2021,left_only
027-561-008,2021,left_only
027-571-005,2021,left_only
027-571-007,2021,left_only
027-571-018,2021,left_only
027-621-017,2021,left_only
027-621-020,2021,left_only
027-621-021,2021,left_only
027-621-027,2021,left_only
027-631-019,2021,left_only
027-631-025,2021,left_only
027-641-005,2021,left_only
027-641-024,2021,left_only
027-653-011,2021,left_only
028-042-021,2021,left_only
028-043-003,2021,left_only
028-051-004,2021,left_only
028-051-007,2021,left_only
028-051-009,2021,left_only
028-052-005,2021,left_only
028-061-020,2021,left_only
028-061-027,2021,left_only
028-070-020,2021,left_only
028-070-024,2021,left_only
028-081-007,2021,left_only
028-081-009,2021,left_only
028-090-023,2021,left_only
028-090-031,2021,left_only
028-100-026,2021,left_only
028-100-045,2021,left_only
028-100-055,2021,left_only
028-121-010,2021,left_only
028-122-003,2021,left_only
028-123-032,2021,left_only
028-131-014,2021,left_only
028-141-043,2021,left_only
028-152-011,2021,left_only
028-161-010,2021,left_only
028-161-014,2021,left_only
028-162-014,2021,left_only
028-221-030,2021,left_only
028-251-002,2021,left_only
028-251-006,2021,left_only
028-252-005,2021,left_only
028-252-008,2021,left_only
028-253-002,2021,left_only
028-271-002,2021,left_only
028-271-004,2021,left_only
028-301-003,2021,left_only
028-301-013,2021,left_only
028-301-014,2021,left_only
028-301-015,2021,left_only
028-301-038,2021,left_only
028-301-039,2021,left_only
028-301-049,2021,left_only
028-301-062,2021,left_only
028-311-004,2021,left_only
028-311-006,2021,left_only
028-311-015,2021,left_only
028-311-051,2021,left_only
028-320-004,2021,left_only
029-041-018,2021,left_only
029-041-038,2021,left_only
029-065-001,2021,left_only
029-072-006,2021,left_only
029-074-003,2021,left_only
029-074-004,2021,left_only
029-074-007,2021,left_only
029-081-017,2021,left_only
029-082-002,2021,left_only
029-082-019,2021,left_only
029-082-020,2021,left_only
029-091-002,2021,left_only
029-091-026,2021,left_only
029-096-017,2021,left_only
029-101-006,2021,left_only
029-103-009,2021,left_only
029-104-004,2021,left_only
029-105-018,2021,left_only
029-106-005,2021,left_only
029-161-008,2021,left_only
029-162-004,2021,left_only
029-163-001,2021,left_only
029-181-017,2021,left_only
029-320-004,2021,left_only
029-331-004,2021,left_only
029-332-010,2021,left_only
029-332-011,2021,left_only
029-343-011,2021,left_only
029-351-007,2021,left_only
029-352-013,2021,left_only
029-363-006,2021,left_only
029-371-016,2021,left_only
029-372-001,2021,left_only
029-372-007,2021,left_only
029-372-015,2021,left_only
029-373-014,2021,left_only
029-381-038,2021,left_only
029-381-044,2021,left_only
029-391-009,2021,left_only
029-402-010,2021,left_only
029-402-015,2021,left_only
029-402-018,2021,left_only
029-402-028,2021,left_only
029-403-007,2021,left_only
029-403-015,2021,left_only
029-403-020,2021,left_only
029-403-025,2021,left_only
029-412-013,2021,left_only
029-412-022,2021,left_only
029-412-026,2021,left_only
029-413-005,2021,left_only
029-415-005,2021,left_only
029-415-008,2021,left_only
029-421-002,2021,left_only
029-421-004,2021,left_only
029-422-003,2021,left_only
029-422-011,2021,left_only
029-604-002,2021,left_only
029-604-004,2021,left_only
029-604-006,2021,left_only
029-604-018,2021,left_only
029-605-003,2021,left_only
029-610-012,2021,left_only
029-610-021,2021,left_only
029-610-027,2021,left_only
029-630-022,2021,left_only
029-660-013,2021,left_only
029-661-010,2021,left_only
030-351-007,2021,left_only
030-352-027,2021,left_only
030-352-033,2021,left_only
030-361-020,2021,left_only
030-361-027,2021,left_only
030-361-029,2021,left_only
030-361-030,2021,left_only
030-362-009,2021,left_only
030-362-011,2021,left_only
030-390-043,2021,left_only
030-401-005,2021,left_only
030-403-008,2021,left_only
030-521-016,2021,left_only
030-521-028,2021,left_only
030-521-032,2021,left_only
030-541-005,2021,left_only
030-541-029,2021,left_only
030-541-030,2021,left_only
031-043-010,2021,left_only
031-045-008,2021,left_only
031-061-004,2021,left_only
031-063-001,2021,left_only
031-063-007,2021,left_only
031-074-001,2021,left_only
031-074-013,2021,left_only
031-075-003,2021,left_only
031-076-002,2021,left_only
031-077-007,2021,left_only
031-077-009,2021,left_only
031-077-012,2021,left_only
031-078-010,2021,left_only
031-078-013,2021,left_only
031-082-004,2021,left_only
031-082-008,2021,left_only
031-082-016,2021,left_only
031-083-007,2021,left_only
031-084-002,2021,left_only
031-084-006,2021,left_only
031-084-008,2021,left_only
031-085-006,2021,left_only
031-085-015,2021,left_only
031-085-023,2021,left_only
031-093-010,2021,left_only
031-093-012,2021,left_only
031-093-013,2021,left_only
031-094-016,2021,left_only
031-094-025,2021,left_only
031-095-004,2021,left_only
031-095-013,2021,left_only
031-103-027,2021,left_only
031-111-010,2021,left_only
031-112-001,2021,left_only
031-113-018,2021,left_only
031-115-007,2021,left_only
031-121-003,2021,left_only
031-121-010,2021,left_only
031-122-002,2021,left_only
031-122-011,2021,left_only
031-123-010,2021,left_only
031-123-015,2021,left_only
031-124-003,2021,left_only
031-131-003,2021,left_only
031-133-009,2021,left_only
031-134-015,2021,left_only
031-135-002,2021,left_only
031-141-009,2021,left_only
031-142-004,2021,left_only
031-142-014,2021,left_only
031-143-004,2021,left_only
031-144-008,2021,left_only
031-145-015,2021,left_only
031-145-016,2021,left_only
031-146-004,2021,left_only
031-146-013,2021,left_only
031-146-016,2021,left_only
031-146-018,2021,left_only
031-151-008,2021,left_only
031-152-004,2021,left_only
031-152-015,2021,left_only
031-152-016,2021,left_only
031-153-001,2021,left_only
031-153-014,2021,left_only
031-153-018,2021,left_only
031-154-004,2021,left_only
031-154-009,2021,left_only
031-154-012,2021,left_only
031-155-016,2021,left_only
031-156-001,2021,left_only
031-156-006,2021,left_only
031-156-013,2021,left_only
031-161-004,2021,left_only
031-161-009,2021,left_only
031-162-001,2021,left_only
031-164-003,2021,left_only
031-165-008,2021,left_only
031-165-017,2021,left_only
031-166-018,2021,left_only
031-172-005,2021,left_only
031-174-008,2021,left_only
031-181-003,2021,left_only
031-181-012,2021,left_only
031-183-014,2021,left_only
031-184-009,2021,left_only
031-186-002,2021,left_only
031-186-017,2021,left_only
031-192-006,2021,left_only
031-194-005,2021,left_only
031-195-017,2021,left_only
031-202-011,2021,left_only
031-202-014,2021,left_only
031-202-016,2021,left_only
031-203-015,2021,left_only
031-204-008,2021,left_only
031-205-018,2021,left_only
031-206-002,2021,left_only
031-207-016,2021,left_only
031-211-015,2021,left_only
031-212-004,2021,left_only
031-213-014,2021,left_only
031-214-018,2021,left_only
031-216-010,2021,left_only
031-216-011,2021,left_only
031-221-008,2021,left_only
031-226-003,2021,left_only
031-231-009,2021,left_only
031-232-003,2021,left_only
031-233-003,2021,left_only
031-235-008,2021,left_only
031-251-001,2021,left_only
031-252-004,2021,left_only
031-253-008,2021,left_only
031-255-007,2021,left_only
031-256-002,2021,left_only
031-258-001,2021,left_only
031-261-033,2021,left_only
031-261-056,2021,left_only
031-262-003,2021,left_only
031-262-019,2021,left_only
031-274-002,2021,left_only
031-275-006,2021,left_only
031-281-008,2021,left_only
031-281-016,2021,left_only
031-281-020,2021,left_only
031-282-004,2021,left_only
031-282-005,2021,left_only
031-282-006,2021,left_only
031-283-001,2021,left_only
031-283-002,2021,left_only
031-284-009,2021,left_only
031-313-007,2021,left_only
031-314-009,2021,left_only
031-316-003,2021,left_only
031-321-020,2021,left_only
031-321-026,2021,left_only
031-322-001,2021,left_only
031-323-007,2021,left_only
031-331-016,2021,left_only
031-331-019,2021,left_only
031-333-005,2021,left_only
031-333-010,2021,left_only
031-333-016,2021,left_only
031-333-027,2021,left_only
031-333-030,2021,left_only
031-333-036,2021,left_only
031-341-006,2021,left_only
031-342-002,2021,left_only
031-342-007,2021,left_only
031-342-010,2021,left_only
031-342-017,2021,left_only
031-342-018,2021,left_only
031-351-011,2021,left_only
031-351-020,2021,left_only
031-361-006,2021,left_only
032-110-007,2021,left_only
032-110-013,2021,left_only
032-110-014,2021,left_only
032-110-025,2021,left_only
032-141-010,2021,left_only
032-151-016,2021,left_only
032-151-017,2021,left_only
032-181-008,2021,left_only
032-192-006,2021,left_only
032-221-003,2021,left_only
032-241-005,2021,left_only
032-241-020,2021,left_only
032-252-032,2021,left_only
032-261-001,2021,left_only
032-261-008,2021,left_only
032-261-011,2021,left_only
032-271-002,2021,left_only
032-273-001,2021,left_only
032-274-004,2021,left_only
032-274-005,2021,left_only
032-275-003,2021,left_only
032-276-001,2021,left_only
032-276-011,2021,left_only
032-277-002,2021,left_only
032-277-017,2021,left_only
032-278-003,2021,left_only
032-278-029,2021,left_only
032-278-040,2021,left_only
032-278-041,2021,left_only
032-278-044,2021,left_only
032-281-003,2021,left_only
032-281-027,2021,left_only
032-282-027,2021,left_only
032-282-031,2021,left_only
032-282-052,2021,left_only
032-283-002,2021,left_only
032-284-004,2021,left_only
032-291-034,2021,left_only
032-313-019,2021,left_only
032-323-016,2021,left_only
032-331-004,2021,left_only
032-342-002,2021,left_only
032-362-003,2021,left_only
032-364-004,2021,left_only
032-490-001,2021,left_only
033-152-005,2021,left_only
033-213-003,2021,left_only
033-214-002,2021,left_only
033-222-006,2021,left_only
033-232-011,2021,left_only
033-233-003,2021,left_only
033-243-006,2021,left_only
033-252-006,2021,left_only
033-272-003,2021,left_only
033-273-002,2021,left_only
033-276-009,2021,left_only
033-291-018,2021,left_only
033-292-013,2021,left_only
033-305-012,2021,left_only
033-312-020,2021,left_only
033-342-005,2021,left_only
033-342-009,2021,left_only
033-343-003,2021,left_only
033-383-001,2021,left_only
033-391-002,2021,left_only
033-401-011,2021,left_only
033-402-006,2021,left_only
033-413-002,2021,left_only
033-422-028,2021,left_only
033-423-015,2021,left_only
033-425-001,2021,left_only
033-432-005,2021,left_only
033-434-020,2021,left_only
033-452-014,2021,left_only
033-453-013,2021,left_only
033-454-007,2021,left_only
033-455-003,2021,left_only
033-464-004,2021,left_only
033-466-008,2021,left_only
033-471-007,2021,left_only
033-472-012,2021,left_only
033-491-006,2021,left_only
033-492-003,2021,left_only
033-502-018,2021,left_only
033-512-006,2021,left_only
033-521-009,2021,left_only
033-523-008,2021,left_only
033-561-008,2021,left_only
033-565-007,2021,left_only
033-575-004,2021,left_only
033-581-015,2021,left_only
033-581-017,2021,left_only
033-582-001,2021,left_only
033-603-005,2021,left_only
033-623-015,2021,left_only
033-631-015,2021,left_only
033-631-027,2021,left_only
033-641-003,2021,left_only
033-642-003,2021,left_only
033-651-008,2021,left_only
033-661-012,2021,left_only
033-672-002,2021,left_only
033-673-013,2021,left_only
033-684-001,2021,left_only
033-684-007,2021,left_only
033-703-002,2021,left_only
033-712-003,2021,left_only
033-713-007,2021,left_only
033-714-005,2021,left_only
033-715-003,2021,left_only
033-732-006,2021,left_only
033-735-006,2021,left_only
033-751-007,2021,left_only
033-751-017,2021,left_only
033-783-001,2021,left_only
033-783-006,2021,left_only
033-792-006,2021,left_only
033-792-021,2021,left_only
033-792-027,2021,left_only
033-821-011,2021,left_only
033-834-001,2021,left_only
033-835-003,2021,left_only
033-837-004,2021,left_only
033-841-019,2021,left_only
033-853-001,2021,left_only
033-853-002,2021,left_only
033-855-020,2021,left_only
033-855-023,2021,left_only
033-856-003,2021,left_only
033-861-005,2021,left_only
033-861-012,2021,left_only
033-862-024,2021,left_only
033-863-011,2021,left_only
033-863-012,2021,left_only
033-863-019,2021,left_only
033-864-007,2021,left_only
033-871-009,2021,left_only
033-873-010,2021,left_only
033-873-021,2021,left_only
033-873-029,2021,left_only
033-875-001,2021,left_only
034-082-010,2021,left_only
034-084-008,2021,left_only
034-093-004,2021,left_only
034-095-003,2021,left_only
034-097-003,2021,left_only
034-097-014,2021,left_only
034-123-001,2021,left_only
034-132-026,2021,left_only
034-152-008,2021,left_only
034-154-019,2021,left_only
034-162-004,2021,left_only
034-162-015,2021,left_only
034-162-020,2021,left_only
034-181-020,2021,left_only
034-183-003,2021,left_only
034-192-006,2021,left_only
034-192-014,2021,left_only
034-201-009,2021,left_only
034-201-010,2021,left_only
034-212-008,2021,left_only
034-221-019,2021,left_only
034-221-026,2021,left_only
034-221-038,2021,left_only
034-221-039,2021,left_only
034-224-018,2021,left_only
034-224-019,2021,left_only
034-233-001,2021,left_only
034-241-001,2021,left_only
034-242-002,2021,left_only
034-252-010,2021,left_only
034-253-004,2021,left_only
034-253-018,2021,left_only
034-253-025,2021,left_only
034-254-004,2021,left_only
034-265-006,2021,left_only
034-294-027,2021,left_only
034-321-003,2021,left_only
034-322-002,2021,left_only
034-322-004,2021,left_only
034-332-004,2021,left_only
034-350-006,2021,left_only
034-350-010,2021,left_only
034-361-002,2021,left_only
034-371-003,2021,left_only
034-372-018,2021,left_only
034-382-024,2021,left_only
034-384-005,2021,left_only
034-433-007,2021,left_only
034-433-009,2021,left_only
034-434-004,2021,left_only
034-434-008,2021,left_only
034-453-002,2021,left_only
034-471-006,2021,left_only
034-471-007,2021,left_only
034-473-026,2021,left_only
034-482-004,2021,left_only
034-482-006,2021,left_only
034-503-001,2021,left_only
034-521-008,2021,left_only
034-521-009,2021,left_only
034-531-005,2021,left_only
034-532-019,2021,left_only
034-542-014,2021,left_only
034-572-010,2021,left_only
034-593-003,2021,left_only
034-602-010,2021,left_only
034-613-002,2021,left_only
034-622-005,2021,left_only
034-631-020,2021,left_only
034-641-016,2021,left_only
034-642-001,2021,left_only
034-682-009,2021,left_only
034-682-016,2021,left_only
034-691-021,2021,left_only
034-692-015,2021,left_only
034-693-009,2021,left_only
034-693-012,2021,left_only
034-704-024,2021,left_only
034-704-027,2021,left_only
034-712-013,2021,left_only
034-712-018,2021,left_only
034-713-019,2021,left_only
034-722-003,2021,left_only
034-722-041,2021,left_only
034-734-014,2021,left_only
034-782-001,2021,left_only
034-791-004,2021,left_only
034-792-009,2021,left_only
034-801-001,2021,left_only
034-803-014,2021,left_only
034-811-001,2021,left_only
034-821-018,2021,left_only
034-823-002,2021,left_only
034-824-009,2021,left_only
034-825-022,2021,left_only
035-131-002,2021,left_only
035-131-003,2021,left_only
035-132-002,2021,left_only
035-143-005,2021,left_only
035-144-002,2021,left_only
035-145-002,2021,left_only
035-145-004,2021,left_only
035-162-016,2021,left_only
035-171-010,2021,left_only
035-182-003,2021,left_only
035-212-012,2021,left_only
035-224-010,2021,left_only
035-241-007,2021,left_only
035-242-003,2021,left_only
035-242-011,2021,left_only
035-245-009,2021,left_only
035-271-012,2021,left_only
035-271-014,2021,left_only
035-272-009,2021,left_only
035-272-018,2021,left_only
035-273-009,2021,left_only
035-273-022,2021,left_only
035-273-025,2021,left_only
035-282-011,2021,left_only
035-283-030,2021,left_only
035-291-006,2021,left_only
036-010-003,2021,left_only
036-160-001,2021,left_only
036-160-002,2021,left_only
036-160-003,2021,left_only
036-160-004,2021,left_only
036-160-005,2021,left_only
036-160-006,2021,left_only
036-160-007,2021,left_only
036-170-001,2021,left_only
036-170-002,2021,left_only
036-170-003,2021,left_only
036-170-004,2021,left_only
036-170-005,2021,left_only
036-170-006,2021,left_only
036-170-007,2021,left_only
036-170-008,2021,left_only
036-170-009,2021,left_only
036-170-010,2021,left_only
036-170-011,2021,left_only
036-170-012,2021,left_only
036-170-013,2021,left_only
036-170-014,2021,left_only
036-170-015,2021,left_only
036-170-021,2021,left_only
036-170-022,2021,left_only
036-300-000,2021,left_only
036-300-001,2021,left_only
036-412-010,2021,left_only
036-421-012,2021,left_only
036-422-015,2021,left_only
036-422-016,2021,left_only
036-423-001,2021,left_only
036-461-007,2021,left_only
036-474-008,2021,left_only
036-474-011,2021,left_only
036-530-028,2021,left_only
036-541-002,2021,left_only
036-545-005,2021,left_only
036-547-003,2021,left_only
036-551-001,2021,left_only
036-551-004,2021,left_only
036-551-007,2021,left_only
036-551-012,2021,left_only
036-552-007,2021,left_only
036-571-009,2021,left_only
036-572-011,2021,left_only
036-611-012,2021,left_only
037-010-040,2021,left_only
037-010-041,2021,left_only
037-020-009,2021,left_only
037-020-011,2021,left_only
037-020-014,2021,left_only
038-010-015,2021,left_only
038-030-046,2021,left_only
039-030-001,2021,left_only
039-110-003,2021,left_only
048-041-03,2021,left_only
048-041-20,2021,left_only
048-042-02,2021,left_only
048-140-01,2021,left_only
048-140-02,2021,left_only
055-010-07,2021,left_only
055-010-09,2021,left_only
055-010-19,2021,left_only
055-010-25,2021,left_only
080-071-029,2021,left_only
080-081-032,2021,left_only
080-082-002,2021,left_only
080-083-004,2021,left_only
080-101-008,2021,left_only
080-104-003,2021,left_only
080-104-004,2021,left_only
080-104-014,2021,left_only
080-104-022,2021,left_only
080-104-023,2021,left_only
080-113-007,2021,left_only
080-114-005,2021,left_only
080-114-011,2021,left_only
080-115-003,2021,left_only
080-115-007,2021,left_only
080-131-006,2021,left_only
080-132-017,2021,left_only
080-133-006,2021,left_only
080-142-009,2021,left_only
080-143-006,2021,left_only
080-144-048,2021,left_only
080-145-013,2021,left_only
080-145-016,2021,left_only
080-151-018,2021,left_only
080-153-011,2021,left_only
080-154-016,2021,left_only
080-155-001,2021,left_only
080-155-014,2021,left_only
080-155-016,2021,left_only
080-155-023,2021,left_only
080-161-006,2021,left_only
080-162-007,2021,left_only
080-163-035,2021,left_only
080-163-040,2021,left_only
080-164-007,2021,left_only
080-176-003,2021,left_only
080-181-005,2021,left_only
080-192-011,2021,left_only
080-193-013,2021,left_only
081-041-004,2021,left_only
081-043-006,2021,left_only
081-062-010,2021,left_only
081-072-005,2021,left_only
081-072-014,2021,left_only
081-072-025,2021,left_only
081-074-010,2021,left_only
081-085-015,2021,left_only
081-091-008,2021,left_only
081-093-011,2021,left_only
081-094-009,2021,left_only
081-102-021,2021,left_only
081-102-026,2021,left_only
081-131-004,2021,left_only
081-131-006,2021,left_only
081-131-008,2021,left_only
081-131-010,2021,left_only
081-141-005,2021,left_only
081-141-012,2021,left_only
081-141-017,2021,left_only
081-142-009,2021,left_only
081-151-003,2021,left_only
081-151-014,2021,left_only
083-010-004,2021,left_only
083-010-009,2021,left_only
083-010-021,2021,left_only
083-010-057,2021,left_only
083-010-060,2021,left_only
083-010-062,2021,left_only
083-032-001,2021,left_only
083-032-014,2021,left_only
083-042-016,2021,left_only
083-043-008,2021,left_only
083-061-016,2021,left_only
083-061-040,2021,left_only
083-061-065,2021,left_only
083-062-030,2021,left_only
083-062-039,2021,left_only
083-074-018,2021,left_only
083-075-013,2021,left_only
083-075-017,2021,left_only
083-076-012,2021,left_only
083-077-009,2021,left_only
083-083-001,2021,left_only
083-085-030,2021,left_only
083-092-014,2021,left_only
083-096-003,2021,left_only
083-101-016,2021,left_only
083-104-006,2021,left_only
083-105-008,2021,left_only
083-105-010,2021,left_only
083-105-013,2021,left_only
083-130-037,2021,left_only
083-130-043,2021,left_only
083-143-006,2021,left_only
083-153-011,2021,left_only
083-161-014,2021,left_only
083-181-016,2021,left_only
083-181-019,2021,left_only
083-182-011,2021,left_only
083-202-015,2021,left_only
083-220-022,2021,left_only
083-251-003,2021,left_only
083-283-011,2021,left_only
083-300-028,2021,left_only
083-300-046,2021,left_only
083-310-023,2021,left_only
083-310-032,2021,left_only
083-320-014,2021,left_only
083-340-006,2021,left_only
083-340-027,2021,left_only
083-340-029,2021,left_only
083-350-006,2021,left_only
083-380-028,2021,left_only
083-380-036,2021,left_only
083-390-050,2021,left_only
083-420-016,2021,left_only
083-420-037,2021,left_only
083-440-005,2021,left_only
083-440-039,2021,left_only
083-440-041,2021,left_only
083-460-024,2021,left_only
083-480-003,2021,left_only
083-480-020,2021,left_only
084-025-007,2021,left_only
084-060-006,2021,left_only
084-071-002,2021,left_only
084-071-009,2021,left_only
084-071-013,2021,left_only
084-073-013,2021,left_only
084-082-013,2021,left_only
084-083-004,2021,left_only
084-092-006,2021,left_only
084-103-019,2021,left_only
084-110-019,2021,left_only
084-131-005,2021,left_only
084-152-016,2021,left_only
084-181-006,2021,left_only
084-213-020,2021,left_only
085-010-001,2021,left_only
085-010-008,2021,left_only
085-010-010,2021,left_only
085-010-012,2021,left_only
085-030-013,2021,left_only
085-040-035,2021,left_only
085-072-015,2021,left_only
085-083-018,2021,left_only
085-084-017,2021,left_only
085-095-006,2021,left_only
085-095-009,2021,left_only
085-141-010,2021,left_only
085-152-005,2021,left_only
085-154-007,2021,left_only
085-161-011,2021,left_only
085-162-007,2021,left_only
085-175-017,2021,left_only
085-177-010,2021,left_only
085-190-009,2021,left_only
085-213-018,2021,left_only
085-217-011,2021,left_only
085-221-003,2021,left_only
085-241-010,2021,left_only
085-252-008,2021,left_only
085-260-036,2021,left_only
085-260-038,2021,left_only
085-280-065,2021,left_only
085-280-069,2021,left_only
085-290-013,2021,left_only
085-290-020,2021,left_only
085-301-004,2021,left_only
085-302-007,2021,left_only
085-303-001,2021,left_only
085-327-001,2021,left_only
085-341-009,2021,left_only
085-342-008,2021,left_only
090-010-012,2021,left_only
090-041-024,2021,left_only
090-052-014,2021,left_only
090-053-022,2021,left_only
090-055-033,2021,left_only
090-056-005,2021,left_only
090-061-005,2021,left_only
090-063-010,2021,left_only
090-064-010,2021,left_only
090-064-024,2021,left_only
090-064-029,2021,left_only
090-067-018,2021,left_only
090-067-028,2021,left_only
090-067-030,2021,left_only
090-072-002,2021,left_only
090-091-021,2021,left_only
090-094-024,2021,left_only
090-101-008,2021,left_only
090-101-025,2021,left_only
090-101-032,2021,left_only
090-102-001,2021,left_only
090-102-015,2021,left_only
090-102-022,2021,left_only
090-104-017,2021,left_only
090-104-041,2021,left_only
090-111-020,2021,left_only
090-111-031,2021,left_only
090-111-039,2021,left_only
090-112-042,2021,left_only
090-113-012,2021,left_only
090-114-032,2021,left_only
090-114-038,2021,left_only
090-115-046,2021,left_only
090-115-053,2021,left_only
090-123-008,2021,left_only
090-124-046,2021,left_only
090-125-008,2021,left_only
090-125-019,2021,left_only
090-134-059,2021,left_only
090-141-018,2021,left_only
090-151-032,2021,left_only
090-151-034,2021,left_only
090-152-051,2021,left_only
090-152-054,2021,left_only
090-161-013,2021,left_only
090-161-040,2021,left_only
090-173-005,2021,left_only
090-174-064,2021,left_only
090-181-009,2021,left_only
090-181-015,2021,left_only
090-181-095,2021,left_only
090-191-002,2021,left_only
090-191-030,2021,left_only
090-191-033,2021,left_only
090-192-008,2021,left_only
090-202-015,2021,left_only
090-202-017,2021,left_only
090-212-026,2021,left_only
090-222-010,2021,left_only
090-222-048,2021,left_only
090-223-041,2021,left_only
090-225-015,2021,left_only
090-243-017,2021,left_only
090-262-008,2021,left_only
090-263-006,2021,left_only
090-264-006,2021,left_only
090-272-006,2021,left_only
090-273-007,2021,left_only
090-282-006,2021,left_only
090-292-009,2021,left_only
090-294-006,2021,left_only
090-303-001,2021,left_only
090-303-003,2021,left_only
090-311-004,2021,left_only
090-311-011,2021,left_only
090-311-033,2021,left_only
090-315-010,2021,left_only
091-090-009,2021,left_only
091-100-010,2021,left_only
091-100-015,2021,left_only
091-100-019,2021,left_only
091-100-027,2021,left_only
091-120-003,2021,left_only
091-181-002,2021,left_only
091-186-004,2021,left_only
091-190-014,2021,left_only
091-210-013,2021,left_only
091-220-002,2021,left_only
091-220-008,2021,left_only
091-220-011,2021,left_only
091-230-019,2021,left_only
092-023-006,2021,left_only
092-031-010,2021,left_only
092-032-001,2021,left_only
092-051-005,2021,left_only
092-053-005,2021,left_only
092-060-012,2021,left_only
092-073-002,2021,left_only
092-073-003,2021,left_only
092-073-007,2021,left_only
092-075-006,2021,left_only
092-082-004,2021,left_only
092-082-013,2021,left_only
092-082-014,2021,left_only
092-082-015,2021,left_only
092-082-016,2021,left_only
092-082-017,2021,left_only
092-084-006,2021,left_only
092-090-056,2021,left_only
092-100-021,2021,left_only
092-120-009,2021,left_only
092-120-018,2021,left_only
092-130-013,2021,left_only
092-141-002,2021,left_only
092-152-007,2021,left_only
092-152-038,2021,left_only
092-153-019,2021,left_only
092-154-028,2021,left_only
092-154-040,2021,left_only
092-160-006,2021,left_only
092-160-007,2021,left_only
092-160-016,2021,left_only
092-170-032,2021,left_only
092-180-001,2021,left_only
092-180-045,2021,left_only
092-180-051,2021,left_only
092-180-053,2021,left_only
092-180-059,2021,left_only
092-180-060,2021,left_only
092-190-034,2021,left_only
092-190-039,2021,left_only
092-211-006,2021,left_only
092-215-004,2021,left_only
092-222-002,2021,left_only
092-234-021,2021,left_only
092-235-006,2021,left_only
092-236-001,2021,left_only
093-031-023,2021,left_only
093-031-025,2021,left_only
093-042-035,2021,left_only
093-042-043,2021,left_only
093-051-013,2021,left_only
093-071-004,2021,left_only
093-082-004,2021,left_only
093-092-002,2021,left_only
093-101-001,2021,left_only
093-101-006,2021,left_only
093-111-004,2021,left_only
093-130-014,2021,left_only
093-130-015,2021,left_only
093-130-028,2021,left_only
093-130-031,2021,left_only
093-151-004,2021,left_only
093-172-003,2021,left_only
093-180-006,2021,left_only
093-194-006,2021,left_only
093-202-004,2021,left_only
093-202-015,2021,left_only
093-210-011,2021,left_only
093-210-014,2021,left_only
093-210-021,2021,left_only
093-210-022,2021,left_only
093-220-016,2021,left_only
093-230-004,2021,left_only
093-230-043,2021,left_only
093-250-003,2021,left_only
093-250-005,2021,left_only
093-260-007,2021,left_only
093-273-002,2021,left_only
093-310-027,2021,left_only
093-310-028,2021,left_only
093-320-011,2021,left_only
093-320-033,2021,left_only
093-330-048,2021,left_only
093-330-053,2021,left_only
093-330-058,2021,left_only
093-340-019,2021,left_only
093-600-014,2021,left_only
093-600-025,2021,left_only
094-031-019,2021,left_only
094-032-010,2021,left_only
094-044-001,2021,left_only
094-070-006,2021,left_only
094-102-003,2021,left_only
094-110-012,2021,left_only
094-121-007,2021,left_only
094-121-014,2021,left_only
094-122-007,2021,left_only
094-122-009,2021,left_only
094-122-013,2021,left_only
094-122-047,2021,left_only
094-122-049,2021,left_only
094-124-012,2021,left_only
094-124-014,2021,left_only
094-140-017,2021,left_only
094-160-020,2021,left_only
094-171-003,2021,left_only
094-172-002,2021,left_only
094-173-007,2021,left_only
094-175-007,2021,left_only
094-180-077,2021,left_only
094-200-049,2021,left_only
094-211-006,2021,left_only
094-212-008,2021,left_only
094-222-005,2021,left_only
094-225-006,2021,left_only
094-232-009,2021,left_only
094-233-015,2021,left_only
094-235-003,2021,left_only
094-236-002,2021,left_only
094-252-022,2021,left_only
094-252-025,2021,left_only
094-253-001,2021,left_only
094-253-003,2021,left_only
094-253-011,2021,left_only
094-262-004,2021,left_only
094-274-011,2021,left_only
094-300-011,2021,left_only
095-010-015,2021,left_only
095-010-017,2021,left_only
095-010-019,2021,left_only
095-120-001,2021,left_only
095-120-007,2021,left_only
095-160-002,2021,left_only
095-190-003,2021,left_only
095-190-005,2021,left_only
095-190-020,2021,left_only
095-190-022,2021,left_only
095-300-026,2021,left_only
095-400-001,2021,left_only
095-400-052,2021,left_only
095-410-001,2021,left_only
095-410-002,2021,left_only
095-410-003,2021,left_only
095-410-004,2021,left_only
097-010-005,2021,left_only
097-020-012,2021,left_only
097-020-014,2021,left_only
097-020-016,2021,left_only
097-020-026,2021,left_only
097-020-027,2021,left_only
097-040-009,2021,left_only
097-040-011,2021,left_only
097-050-037,2021,left_only
097-050-091,2021,left_only
097-073-011,2021,left_only
097-081-005,2021,left_only
097-082-005,2021,left_only
097-093-004,2021,left_only
097-093-009,2021,left_only
097-121-001,2021,left_only
097-130-044,2021,left_only
097-140-025,2021,left_only
097-152-002,2021,left_only
097-152-004,2021,left_only
097-153-001,2021,left_only
097-170-006,2021,left_only
097-170-010,2021,left_only
097-170-011,2021,left_only
097-200-001,2021,left_only
097-200-019,2021,left_only
097-210-021,2021,left_only
097-223-002,2021,left_only
097-223-005,2021,left_only
097-230-015,2021,left_only
097-230-022,2021,left_only
098-022-009,2021,left_only
098-022-014,2021,left_only
098-032-008,2021,left_only
098-041-003,2021,left_only
098-041-005,2021,left_only
098-042-007,2021,left_only
098-042-010,2021,left_only
098-044-001,2021,left_only
098-051-007,2021,left_only
098-053-002,2021,left_only
098-071-001,2021,left_only
098-072-001,2021,left_only
098-072-006,2021,left_only
098-074-005,2021,left_only
098-074-011,2021,left_only
098-082-006,2021,left_only
098-085-008,2021,left_only
098-090-007,2021,left_only
098-090-010,2021,left_only
098-090-013,2021,left_only
098-104-008,2021,left_only
098-112-011,2021,left_only
098-114-003,2021,left_only
098-114-016,2021,left_only
098-114-017,2021,left_only
098-142-005,2021,left_only
098-153-005,2021,left_only
098-167-006,2021,left_only
098-168-016,2021,left_only
098-174-007,2021,left_only
098-175-005,2021,left_only
098-176-019,2021,left_only
098-200-016,2021,left_only
098-200-027,2021,left_only
098-200-030,2021,left_only
098-231-003,2021,left_only
098-240-006,2021,left_only
098-252-006,2021,left_only
098-272-005,2021,left_only
098-280-006,2021,left_only
098-280-018,2021,left_only
098-280-027,2021,left_only
098-280-030,2021,left_only
098-293-003,2021,left_only
098-294-001,2021,left_only
098-294-005,2021,left_only
098-300-007,2021,left_only
098-320-022,2021,left_only
110-040-003,2021,left_only
110-040-004,2021,left_only
110-040-010,2021,left_only
110-040-013,2021,left_only
110-040-016,2021,left_only
110-051-031,2021,left_only
110-051-035,2021,left_only
110-051-042,2021,left_only
110-051-045,2021,left_only
110-051-048,2021,left_only
110-060-020,2021,left_only
110-060-021,2021,left_only
110-060-069,2021,left_only
110-060-070,2021,left_only
110-070-008,2021,left_only
110-070-009,2021,left_only
111-110-025,2021,left_only
111-110-028,2021,left_only
111-110-033,2021,left_only
111-110-034,2021,left_only
111-120-007,2021,left_only
111-120-027,2021,left_only
111-120-034,2021,left_only
111-130-009,2021,left_only
111-140-006,2021,left_only
111-140-014,2021,left_only
111-140-027,2021,left_only
111-140-028,2021,left_only
111-150-020,2021,left_only
111-160-002,2021,left_only
111-160-003,2021,left_only
111-160-024,2021,left_only
111-170-016,2021,left_only
111-180-016,2021,left_only
111-270-041,2021,left_only
111-280-047,2021,left_only
112-050-016,2021,left_only
112-070-013,2021,left_only
112-070-020,2021,left_only
112-100-007,2021,left_only
112-100-018,2021,left_only
112-100-053,2021,left_only
112-180-017,2021,left_only
112-180-031,2021,left_only
112-180-044,2021,left_only
112-180-067,2021,left_only
112-190-021,2021,left_only
112-190-029,2021,left_only
112-220-011,2021,left_only
112-220-038,2021,left_only
112-230-006,2021,left_only
112-240-009,2021,left_only
112-240-031,2021,left_only
112-240-052,2021,left_only
112-250-001,2021,left_only
112-250-004,2021,left_only
112-250-038,2021,left_only
112-250-039,2021,left_only
112-260-036,2021,left_only
112-260-048,2021,left_only
112-270-014,2021,left_only
112-270-036,2021,left_only
112-270-038,2021,left_only
112-270-039,2021,left_only
112-270-043,2021,left_only
112-280-017,2021,left_only
112-280-033,2021,left_only
112-290-009,2021,left_only
112-300-010,2021,left_only
115-020-038,2021,left_only
115-030-008,2021,left_only
115-030-030,2021,left_only
115-040-010,2021,left_only
115-040-015,2021,left_only
115-040-019,2021,left_only
115-040-042,2021,left_only
115-040-071,2021,left_only
115-050-024,2021,left_only
115-050-036,2021,left_only
115-050-057,2021,left_only
115-070-014,2021,left_only
116-020-010,2021,left_only
116-020-022,2021,left_only
116-030-045,2021,left_only
116-050-013,2021,left_only
116-060-009,2021,left_only
116-060-039,2021,left_only
116-070-035,2021,left_only
116-070-039,2021,left_only
116-070-048,2021,left_only
116-080-002,2021,left_only
116-080-042,2021,left_only
116-080-050,2021,left_only
116-080-058,2021,left_only
116-080-059,2021,left_only
116-080-061,2021,left_only
116-090-019,2021,left_only
116-090-025,2021,left_only
116-100-007,2021,left_only
116-100-043,2021,left_only
116-110-014,2021,left_only
116-110-037,2021,left_only
116-110-039,2021,left_only
116-110-042,2021,left_only
116-110-050,2021,left_only
116-110-066,2021,left_only
116-180-016,2021,left_only
116-210-035,2021,left_only
116-210-071,2021,left_only
116-220-001,2021,left_only
116-220-020,2021,left_only
117-020-026,2021,left_only
117-050-019,2021,left_only
117-050-026,2021,left_only
117-050-027,2021,left_only
117-071-008,2021,left_only
117-071-010,2021,left_only
117-072-003,2021,left_only
117-072-010,2021,left_only
117-090-003,2021,left_only
117-090-006,2021,left_only
117-090-042,2021,left_only
117-090-060,2021,left_only
117-100-024,2021,left_only
117-100-027,2021,left_only
117-100-030,2021,left_only
117-100-047,2021,left_only
117-100-063,2021,left_only
117-110-049,2021,left_only
117-120-012,2021,left_only
117-120-021,2021,left_only
117-130-010,2021,left_only
117-150-007,2021,left_only
117-150-022,2021,left_only
117-160-021,2021,left_only
117-180-046,2021,left_only
117-190-015,2021,left_only
117-190-044,2021,left_only
117-200-016,2021,left_only
117-200-030,2021,left_only
1219-00-001-001,2021,left_only
122-081-06,2021,left_only
122-090-15,2021,left_only
122-124-10,2021,left_only
122-126-19,2021,left_only
122-126-22,2021,left_only
122-141-03,2021,left_only
122-194-28,2021,left_only
122-211-14,2021,left_only
122-510-15,2021,left_only
123-031-04,2021,left_only
123-031-09,2021,left_only
123-032-10,2021,left_only
123-133-11,2021,left_only
123-138-07,2021,left_only
123-138-08,2021,left_only
123-152-09,2021,left_only
123-155-09,2021,left_only
123-162-06,2021,left_only
123-162-11,2021,left_only
123-190-39,2021,left_only
123-190-40,2021,left_only
123-190-46,2021,left_only
123-201-01,2021,left_only
123-260-12,2021,left_only
124-031-01,2021,left_only
124-031-05,2021,left_only
124-042-05,2021,left_only
124-043-68,2021,left_only
124-061-04,2021,left_only
124-061-13,2021,left_only
124-370-04,2021,left_only
124-400-10,2021,left_only
124-400-16,2021,left_only
124-760-01,2021,left_only
124-850-01,2021,left_only
124-880-01,2021,left_only
124-921-20,2021,left_only
125-145-02,2021,left_only
125-161-14,2021,left_only
125-163-07,2021,left_only
125-163-37,2021,left_only
125-181-24,2021,left_only
125-223-21,2021,left_only
125-233-02,2021,left_only
125-241-06,2021,left_only
125-243-36,2021,left_only
125-254-04,2021,left_only
125-432-03,2021,left_only
125-441-12,2021,left_only
125-443-19,2021,left_only
125-482-24,2021,left_only
125-482-27,2021,left_only
125-491-06,2021,left_only
125-501-07,2021,left_only
125-502-03,2021,left_only
125-502-09,2021,left_only
125-522-20,2021,left_only
125-531-25,2021,left_only
125-563-03,2021,left_only
125-563-04,2021,left_only
125-564-12,2021,left_only
126-081-02,2021,left_only
126-084-03,2021,left_only
126-090-10,2021,left_only
126-090-19,2021,left_only
126-120-22,2021,left_only
126-120-24,2021,left_only
126-130-01,2021,left_only
126-152-05,2021,left_only
126-153-01,2021,left_only
126-171-07,2021,left_only
126-210-03,2021,left_only
126-280-06,2021,left_only
126-291-01,2021,left_only
126-293-07,2021,left_only
126-293-11,2021,left_only
126-294-01,2021,left_only
126-302-03,2021,left_only
126-302-12,2021,left_only
126-430-28,2021,left_only
126-430-33,2021,left_only
126-430-37,2021,left_only
126-450-12,2021,left_only
126-450-19,2021,left_only
126-460-15,2021,left_only
126-460-17,2021,left_only
126-470-02,2021,left_only
126-510-20,2021,left_only
126-521-01,2021,left_only
126-522-04,2021,left_only
126-522-06,2021,left_only
126-522-07,2021,left_only
126-570-01,2021,left_only
126-580-22,2021,left_only
127-060-10,2021,left_only
127-071-17,2021,left_only
127-072-12,2021,left_only
127-075-02,2021,left_only
127-075-25,2021,left_only
127-075-31,2021,left_only
127-077-20,2021,left_only
127-077-30,2021,left_only
127-100-25,2021,left_only
127-131-03,2021,left_only
127-131-27,2021,left_only
127-131-31,2021,left_only
127-300-91,2021,left_only
127-320-37,2021,left_only
127-361-27,2021,left_only
127-362-01,2021,left_only
127-420-17,2021,left_only
127-420-37,2021,left_only
128-032-19,2021,left_only
128-042-08,2021,left_only
128-052-03,2021,left_only
128-120-13,2021,left_only
128-180-02,2021,left_only
128-180-03,2021,left_only
128-243-13,2021,left_only
128-361-10,2021,left_only
129-200-02,2021,left_only
129-260-12,2021,left_only
129-280-02,2021,left_only
129-350-01,2021,left_only
129-380-05,2021,left_only
129-390-06,2021,left_only
129-440-02,2021,left_only
129-620-03,2021,left_only
129-630-01,2021,left_only
129-650-33,2021,left_only
129-650-39,2021,left_only
130-010-06,2021,left_only
130-061-03,2021,left_only
130-081-05,2021,left_only
130-081-20,2021,left_only
130-082-16,2021,left_only
130-083-01,2021,left_only
130-090-01,2021,left_only
130-180-09,2021,left_only
130-180-41,2021,left_only
130-204-04,2021,left_only
130-211-15,2021,left_only
130-221-07,2021,left_only
131-022-08,2021,left_only
131-031-05,2021,left_only
131-031-12,2021,left_only
131-031-15,2021,left_only
131-031-26,2021,left_only
131-032-02,2021,left_only
131-060-06,2021,left_only
131-080-33,2021,left_only
131-121-16,2021,left_only
131-121-33,2021,left_only
131-122-11,2021,left_only
131-131-03,2021,left_only
131-132-04,2021,left_only
131-132-06,2021,left_only
131-132-12,2021,left_only
131-140-34,2021,left_only
131-150-04,2021,left_only
131-180-11,2021,left_only
131-180-15,2021,left_only
131-190-08,2021,left_only
131-250-05,2021,left_only
131-270-16,2021,left_only
1318-03-110-002,2021,left_only
1318-03-111-003,2021,left_only
1318-03-212-029,2021,left_only
1318-03-212-052,2021,left_only
1318-03-212-055,2021,left_only
1318-09-810-085,2021,left_only
1318-09-810-091,2021,left_only
1318-10-310-026,2021,left_only
1318-10-310-040,2021,left_only
1318-10-310-059,2021,left_only
1318-10-312-027,2021,left_only
1318-10-312-031,2021,left_only
1318-10-314-001,2021,left_only
1318-10-316-009,2021,left_only
1318-10-413-006,2021,left_only
1318-10-415-016,2021,left_only
1318-10-415-042,2021,left_only
1318-10-416-021,2021,left_only
1318-10-416-041,2021,left_only
1318-10-417-031,2021,left_only
1318-15-110-042,2021,left_only
1318-15-311-006,2021,left_only
1318-15-410-021,2021,left_only
1318-15-610-031,2021,left_only
1318-15-610-035,2021,left_only
1318-15-610-039,2021,left_only
1318-15-610-041,2021,left_only
1318-15-611-031,2021,left_only
1318-15-611-036,2021,left_only
1318-15-612-010,2021,left_only
1318-15-702-002,2021,left_only
1318-15-711-003,2021,left_only
1318-15-711-006,2021,left_only
1318-15-711-019,2021,left_only
1318-15-711-023,2021,left_only
1318-15-712-007,2021,left_only
1318-15-714-014,2021,left_only
1318-15-714-031,2021,left_only
1318-15-714-038,2021,left_only
1318-15-815-005,2021,left_only
1318-15-818-007,2021,left_only
1318-15-819-003,2021,left_only
1318-15-823-005,2021,left_only
1318-16-810-040,2021,left_only
1318-22-002-038,2021,left_only
1318-22-002-060,2021,left_only
1318-22-002-069,2021,left_only
1318-22-002-081,2021,left_only
1318-22-002-110,2021,left_only
1318-22-002-111,2021,left_only
1318-22-310-008,2021,left_only
1318-22-310-009,2021,left_only
1318-23-210-006,2021,left_only
1318-23-211-002,2021,left_only
1318-23-211-008,2021,left_only
1318-23-212-030,2021,left_only
1318-23-212-061,2021,left_only
1318-23-213-003,2021,left_only
1318-23-213-007,2021,left_only
1318-23-214-002,2021,left_only
1318-23-215-012,2021,left_only
1318-23-216-001,2021,left_only
1318-23-217-003,2021,left_only
1318-23-217-005,2021,left_only
1318-23-217-010,2021,left_only
1318-23-217-012,2021,left_only
1318-23-218-009,2021,left_only
1318-23-310-055,2021,left_only
1318-23-314-003,2021,left_only
1318-23-314-020,2021,left_only
1318-23-401-012,2021,left_only
1318-23-401-017,2021,left_only
1318-23-401-027,2021,left_only
1318-23-410-019,2021,left_only
1318-23-410-044,2021,left_only
1318-23-410-061,2021,left_only
1318-23-410-069,2021,left_only
1318-23-411-005,2021,left_only
1318-23-510-019,2021,left_only
1318-23-510-021,2021,left_only
1318-23-602-003,2021,left_only
1318-23-610-004,2021,left_only
1318-23-610-011,2021,left_only
1318-23-611-004,2021,left_only
1318-23-710-042,2021,left_only
1318-23-810-018,2021,left_only
1318-23-810-037,2021,left_only
1318-23-810-059,2021,left_only
1318-23-810-083,2021,left_only
1318-23-810-086,2021,left_only
1318-23-810-105,2021,left_only
1318-23-810-106,2021,left_only
1318-23-811-010,2021,left_only
1318-23-811-034,2021,left_only
1318-23-812-008,2021,left_only
1318-23-812-017,2021,left_only
1318-23-814-008,2021,left_only
1318-23-814-009,2021,left_only
1318-24-301-003,2021,left_only
1318-24-311-009,2021,left_only
1318-24-403-004,2021,left_only
1318-24-404-023,2021,left_only
1318-24-411-003,2021,left_only
1318-24-411-004,2021,left_only
1318-24-411-005,2021,left_only
1318-24-411-013,2021,left_only
1318-24-601-002,2021,left_only
1318-24-701-005,2021,left_only
1318-24-710-005,2021,left_only
1318-24-710-013,2021,left_only
1318-24-711-008,2021,left_only
1318-25-201-005,2021,left_only
1318-26-101-022,2021,left_only
1318-26-101-028,2021,left_only
1318-26-101-030,2021,left_only
1318-26-101-036,2021,left_only
1318-26-101-038,2021,left_only
1318-26-101-042,2021,left_only
1318-26-101-055,2021,left_only
1318-26-101-071,2021,left_only
1318-26-101-082,2021,left_only
1318-26-514-013,2021,left_only
1319-00-001-013,2021,left_only
1319-00-002-017,2021,left_only
1319-06-001-003,2021,left_only
1319-06-001-004,2021,left_only
1319-06-001-005,2021,left_only
1319-06-001-006,2021,left_only
1319-06-002-006,2021,left_only
1319-06-002-007,2021,left_only
1319-07-002-004,2021,left_only
1319-18-000-014,2021,left_only
1319-18-310-010,2021,left_only
1319-18-310-011,2021,left_only
1319-18-310-017,2021,left_only
1319-18-311-001,2021,left_only
1319-18-311-003,2021,left_only
1319-18-312-011,2021,left_only
1319-18-410-016,2021,left_only
1319-18-410-018,2021,left_only
1319-18-412-001,2021,left_only
1319-19-113-007,2021,left_only
1319-19-113-018,2021,left_only
1319-19-210-001,2021,left_only
1319-19-212-044,2021,left_only
1319-19-212-066,2021,left_only
1319-19-212-076,2021,left_only
1319-19-212-081,2021,left_only
1319-19-212-082,2021,left_only
1319-19-212-094,2021,left_only
1319-19-310-028,2021,left_only
1319-19-311-001,2021,left_only
1319-19-501-001,2021,left_only
1319-19-501-002,2021,left_only
1319-19-501-003,2021,left_only
1319-19-602-001,2021,left_only
1319-19-610-001,2021,left_only
1319-19-611-000,2021,left_only
1319-19-611-001,2021,left_only
1319-19-611-002,2021,left_only
1319-19-611-003,2021,left_only
1319-19-611-004,2021,left_only
1319-19-611-005,2021,left_only
1319-19-611-006,2021,left_only
1319-19-611-007,2021,left_only
1319-19-611-008,2021,left_only
1319-19-611-009,2021,left_only
1319-19-611-010,2021,left_only
1319-19-611-011,2021,left_only
1319-19-611-012,2021,left_only
1319-19-611-013,2021,left_only
1319-19-611-014,2021,left_only
1319-19-612-000,2021,left_only
1319-19-612-001,2021,left_only
1319-19-612-002,2021,left_only
1319-19-612-003,2021,left_only
1319-19-612-004,2021,left_only
1319-19-612-005,2021,left_only
1319-19-612-006,2021,left_only
1319-19-612-007,2021,left_only
1319-19-612-008,2021,left_only
1319-19-612-009,2021,left_only
1319-19-612-010,2021,left_only
1319-19-612-011,2021,left_only
1319-19-612-012,2021,left_only
1319-19-612-013,2021,left_only
1319-19-612-014,2021,left_only
1319-19-701-005,2021,left_only
1319-19-702-001,2021,left_only
1319-19-710-012,2021,left_only
1319-19-710-013,2021,left_only
1319-19-710-014,2021,left_only
1319-19-710-018,2021,left_only
1319-19-710-021,2021,left_only
1319-19-710-022,2021,left_only
1319-19-710-025,2021,left_only
1319-19-710-026,2021,left_only
1319-19-710-027,2021,left_only
1319-19-710-034,2021,left_only
1319-19-710-046,2021,left_only
1319-19-710-047,2021,left_only
1319-19-711-000,2021,left_only
1319-19-711-001,2021,left_only
1319-19-711-002,2021,left_only
1319-19-711-003,2021,left_only
1319-19-711-004,2021,left_only
1319-19-711-005,2021,left_only
1319-19-711-006,2021,left_only
1319-19-711-007,2021,left_only
1319-19-711-008,2021,left_only
1319-19-713-001,2021,left_only
1319-19-713-002,2021,left_only
1319-19-713-003,2021,left_only
1319-19-713-004,2021,left_only
1319-19-713-005,2021,left_only
1319-19-713-006,2021,left_only
1319-19-714-015,2021,left_only
1319-19-714-018,2021,left_only
1319-19-716-001,2021,left_only
1319-19-717-008,2021,left_only
1319-19-717-012,2021,left_only
1319-19-717-013,2021,left_only
1319-19-717-015,2021,left_only
1319-19-718-002,2021,left_only
1319-19-718-003,2021,left_only
1319-19-718-004,2021,left_only
1319-19-718-005,2021,left_only
1319-19-718-006,2021,left_only
1319-19-718-007,2021,left_only
1319-19-718-008,2021,left_only
1319-19-718-009,2021,left_only
1319-19-718-011,2021,left_only
1319-19-718-012,2021,left_only
1319-19-718-013,2021,left_only
1319-19-718-015,2021,left_only
1319-19-718-016,2021,left_only
1319-19-718-017,2021,left_only
1319-19-718-018,2021,left_only
1319-19-718-023,2021,left_only
1319-19-718-024,2021,left_only
1319-19-718-025,2021,left_only
1319-19-718-026,2021,left_only
1319-19-720-002,2021,left_only
1319-19-720-003,2021,left_only
1319-19-720-005,2021,left_only
1319-19-720-007,2021,left_only
1319-19-720-008,2021,left_only
1319-19-720-009,2021,left_only
1319-19-720-010,2021,left_only
1319-19-720-011,2021,left_only
1319-19-720-012,2021,left_only
1319-19-720-013,2021,left_only
1319-19-720-014,2021,left_only
1319-19-720-015,2021,left_only
1319-19-720-016,2021,left_only
1319-19-720-017,2021,left_only
1319-19-720-018,2021,left_only
1319-19-720-019,2021,left_only
1319-19-720-020,2021,left_only
1319-19-720-021,2021,left_only
1319-19-720-022,2021,left_only
1319-19-720-023,2021,left_only
1319-19-720-024,2021,left_only
1319-19-720-025,2021,left_only
1319-19-720-028,2021,left_only
1319-19-720-030,2021,left_only
1319-19-720-031,2021,left_only
1319-19-720-032,2021,left_only
1319-19-720-033,2021,left_only
1319-19-720-034,2021,left_only
1319-19-720-036,2021,left_only
1319-19-720-037,2021,left_only
1319-19-720-038,2021,left_only
1319-19-720-039,2021,left_only
1319-19-720-040,2021,left_only
1319-19-721-001,2021,left_only
1319-19-721-002,2021,left_only
1319-19-721-003,2021,left_only
1319-19-801-001,2021,left_only
1319-19-801-002,2021,left_only
1319-19-802-001,2021,left_only
1319-19-802-002,2021,left_only
1319-19-802-003,2021,left_only
1319-19-802-004,2021,left_only
1319-19-802-005,2021,left_only
1319-19-802-006,2021,left_only
1319-19-802-007,2021,left_only
1319-19-802-008,2021,left_only
1319-19-802-009,2021,left_only
1319-19-802-010,2021,left_only
1319-19-802-011,2021,left_only
1319-19-802-012,2021,left_only
1319-19-802-013,2021,left_only
1319-19-802-014,2021,left_only
1319-30-301-004,2021,left_only
1319-30-310-014,2021,left_only
1319-30-310-017,2021,left_only
1319-30-310-018,2021,left_only
1319-30-310-019,2021,left_only
1319-30-310-020,2021,left_only
1319-30-310-021,2021,left_only
1319-30-310-022,2021,left_only
1319-30-310-023,2021,left_only
1319-30-310-024,2021,left_only
1319-30-310-025,2021,left_only
1319-30-310-026,2021,left_only
1319-30-310-027,2021,left_only
1319-30-511-000,2021,left_only
1319-30-511-001,2021,left_only
1319-30-511-002,2021,left_only
1319-30-511-003,2021,left_only
1319-30-511-004,2021,left_only
1319-30-512-000,2021,left_only
1319-30-512-001,2021,left_only
1319-30-512-002,2021,left_only
1319-30-512-003,2021,left_only
1319-30-512-004,2021,left_only
1319-30-512-005,2021,left_only
1319-30-512-006,2021,left_only
1319-30-512-007,2021,left_only
1319-30-512-008,2021,left_only
1319-30-512-009,2021,left_only
1319-30-512-010,2021,left_only
1319-30-512-011,2021,left_only
1319-30-512-012,2021,left_only
1319-30-512-014,2021,left_only
1319-30-512-015,2021,left_only
1319-30-512-016,2021,left_only
1319-30-512-018,2021,left_only
1319-30-513-000,2021,left_only
1319-30-513-001,2021,left_only
1319-30-513-002,2021,left_only
1319-30-513-003,2021,left_only
1319-30-513-004,2021,left_only
1319-30-513-005,2021,left_only
1319-30-513-006,2021,left_only
1319-30-515-002,2021,left_only
1319-30-516-002,2021,left_only
1319-30-516-003,2021,left_only
1319-30-516-004,2021,left_only
1319-30-516-005,2021,left_only
1319-30-516-018,2021,left_only
1319-30-516-020,2021,left_only
1319-30-516-021,2021,left_only
1319-30-516-022,2021,left_only
1319-30-516-023,2021,left_only
1319-30-516-024,2021,left_only
1319-30-516-029,2021,left_only
1319-30-516-030,2021,left_only
1319-30-516-031,2021,left_only
1319-30-516-032,2021,left_only
1319-30-516-034,2021,left_only
1319-30-516-036,2021,left_only
1319-30-516-039,2021,left_only
1319-30-516-042,2021,left_only
1319-30-516-043,2021,left_only
1319-30-516-044,2021,left_only
1319-30-516-045,2021,left_only
1319-30-516-048,2021,left_only
1319-30-516-049,2021,left_only
1319-30-517-000,2021,left_only
1319-30-517-001,2021,left_only
1319-30-517-002,2021,left_only
1319-30-517-003,2021,left_only
1319-30-517-004,2021,left_only
1319-30-518-000,2021,left_only
1319-30-518-001,2021,left_only
1319-30-518-002,2021,left_only
1319-30-518-003,2021,left_only
1319-30-518-004,2021,left_only
1319-30-519-016,2021,left_only
1319-30-519-018,2021,left_only
1319-30-520-010,2021,left_only
1319-30-521-001,2021,left_only
1319-30-521-003,2021,left_only
1319-30-523-000,2021,left_only
1319-30-523-001,2021,left_only
1319-30-523-002,2021,left_only
1319-30-523-003,2021,left_only
1319-30-523-004,2021,left_only
1319-30-524-000,2021,left_only
1319-30-524-001,2021,left_only
1319-30-524-002,2021,left_only
1319-30-524-003,2021,left_only
1319-30-524-004,2021,left_only
1319-30-525-000,2021,left_only
1319-30-525-001,2021,left_only
1319-30-525-002,2021,left_only
1319-30-525-003,2021,left_only
1319-30-525-004,2021,left_only
1319-30-526-000,2021,left_only
1319-30-526-001,2021,left_only
1319-30-526-002,2021,left_only
1319-30-526-003,2021,left_only
1319-30-526-004,2021,left_only
1319-30-527-000,2021,left_only
1319-30-527-001,2021,left_only
1319-30-527-002,2021,left_only
1319-30-527-003,2021,left_only
1319-30-527-004,2021,left_only
1319-30-527-005,2021,left_only
1319-30-527-006,2021,left_only
1319-30-528-000,2021,left_only
1319-30-528-001,2021,left_only
1319-30-528-002,2021,left_only
1319-30-528-003,2021,left_only
1319-30-528-004,2021,left_only
1319-30-528-006,2021,left_only
1319-30-529-000,2021,left_only
1319-30-529-001,2021,left_only
1319-30-529-002,2021,left_only
1319-30-529-003,2021,left_only
1319-30-529-004,2021,left_only
1319-30-530-000,2021,left_only
1319-30-530-001,2021,left_only
1319-30-530-002,2021,left_only
1319-30-530-003,2021,left_only
1319-30-530-004,2021,left_only
1319-30-530-005,2021,left_only
1319-30-530-006,2021,left_only
1319-30-532-002,2021,left_only
1319-30-532-003,2021,left_only
1319-30-532-004,2021,left_only
1319-30-532-005,2021,left_only
1319-30-532-006,2021,left_only
1319-30-532-007,2021,left_only
1319-30-532-008,2021,left_only
1319-30-532-009,2021,left_only
1319-30-532-011,2021,left_only
1319-30-532-012,2021,left_only
1319-30-532-013,2021,left_only
1319-30-532-014,2021,left_only
1319-30-532-015,2021,left_only
1319-30-532-016,2021,left_only
1319-30-532-017,2021,left_only
1319-30-532-018,2021,left_only
1319-30-533-000,2021,left_only
1319-30-533-001,2021,left_only
1319-30-533-002,2021,left_only
1319-30-533-003,2021,left_only
1319-30-533-004,2021,left_only
1319-30-534-000,2021,left_only
1319-30-534-002,2021,left_only
1319-30-534-003,2021,left_only
1319-30-534-004,2021,left_only
1319-30-534-005,2021,left_only
1319-30-534-006,2021,left_only
1319-30-534-007,2021,left_only
1319-30-534-008,2021,left_only
1319-30-535-000,2021,left_only
1319-30-535-001,2021,left_only
1319-30-535-002,2021,left_only
1319-30-535-003,2021,left_only
1319-30-535-004,2021,left_only
1319-30-536-000,2021,left_only
1319-30-536-001,2021,left_only
1319-30-536-002,2021,left_only
1319-30-536-003,2021,left_only
1319-30-536-004,2021,left_only
1319-30-536-005,2021,left_only
1319-30-536-006,2021,left_only
1319-30-536-007,2021,left_only
1319-30-536-008,2021,left_only
1319-30-537-000,2021,left_only
1319-30-537-001,2021,left_only
1319-30-537-002,2021,left_only
1319-30-537-003,2021,left_only
1319-30-537-004,2021,left_only
1319-30-537-005,2021,left_only
1319-30-537-006,2021,left_only
1319-30-537-007,2021,left_only
1319-30-537-008,2021,left_only
1319-30-538-000,2021,left_only
1319-30-538-001,2021,left_only
1319-30-538-002,2021,left_only
1319-30-538-003,2021,left_only
1319-30-538-004,2021,left_only
1319-30-538-005,2021,left_only
1319-30-538-006,2021,left_only
1319-30-538-007,2021,left_only
1319-30-538-008,2021,left_only
1319-30-539-000,2021,left_only
1319-30-539-001,2021,left_only
1319-30-539-002,2021,left_only
1319-30-539-003,2021,left_only
1319-30-539-004,2021,left_only
1319-30-540-000,2021,left_only
1319-30-540-001,2021,left_only
1319-30-540-002,2021,left_only
1319-30-540-003,2021,left_only
1319-30-540-004,2021,left_only
1319-30-540-005,2021,left_only
1319-30-540-006,2021,left_only
1319-30-540-007,2021,left_only
1319-30-540-008,2021,left_only
1319-30-541-000,2021,left_only
1319-30-541-001,2021,left_only
1319-30-541-002,2021,left_only
1319-30-541-003,2021,left_only
1319-30-541-004,2021,left_only
1319-30-542-000,2021,left_only
1319-30-542-001,2021,left_only
1319-30-542-002,2021,left_only
1319-30-542-003,2021,left_only
1319-30-542-004,2021,left_only
1319-30-542-005,2021,left_only
1319-30-542-006,2021,left_only
1319-30-542-007,2021,left_only
1319-30-542-008,2021,left_only
1319-30-542-009,2021,left_only
1319-30-542-010,2021,left_only
1319-30-542-011,2021,left_only
1319-30-542-012,2021,left_only
1319-30-542-013,2021,left_only
1319-30-542-014,2021,left_only
1319-30-542-015,2021,left_only
1319-30-542-016,2021,left_only
1319-30-542-017,2021,left_only
1319-30-542-018,2021,left_only
1319-30-542-019,2021,left_only
1319-30-542-020,2021,left_only
1319-30-542-022,2021,left_only
1319-30-542-023,2021,left_only
1319-30-542-024,2021,left_only
1319-30-543-000,2021,left_only
1319-30-543-001,2021,left_only
1319-30-543-002,2021,left_only
1319-30-543-003,2021,left_only
1319-30-543-004,2021,left_only
1319-30-543-005,2021,left_only
1319-30-543-006,2021,left_only
1319-30-543-007,2021,left_only
1319-30-543-008,2021,left_only
1319-30-544-000,2021,left_only
1319-30-544-001,2021,left_only
1319-30-544-002,2021,left_only
1319-30-544-003,2021,left_only
1319-30-544-004,2021,left_only
1319-30-544-005,2021,left_only
1319-30-544-006,2021,left_only
1319-30-544-007,2021,left_only
1319-30-544-008,2021,left_only
1319-30-544-009,2021,left_only
1319-30-544-010,2021,left_only
1319-30-544-011,2021,left_only
1319-30-544-012,2021,left_only
1319-30-544-013,2021,left_only
1319-30-544-014,2021,left_only
1319-30-544-015,2021,left_only
1319-30-544-016,2021,left_only
1319-30-544-017,2021,left_only
1319-30-544-018,2021,left_only
1319-30-544-019,2021,left_only
1319-30-544-020,2021,left_only
1319-30-544-021,2021,left_only
1319-30-544-022,2021,left_only
1319-30-544-023,2021,left_only
1319-30-544-024,2021,left_only
1319-30-544-025,2021,left_only
1319-30-544-026,2021,left_only
1319-30-544-027,2021,left_only
1319-30-544-028,2021,left_only
1319-30-544-029,2021,left_only
1319-30-544-030,2021,left_only
1319-30-544-031,2021,left_only
1319-30-544-032,2021,left_only
1319-30-544-033,2021,left_only
1319-30-544-034,2021,left_only
1319-30-544-035,2021,left_only
1319-30-544-036,2021,left_only
1319-30-544-037,2021,left_only
1319-30-544-038,2021,left_only
1319-30-544-039,2021,left_only
1319-30-544-040,2021,left_only
1319-30-544-041,2021,left_only
1319-30-544-042,2021,left_only
1319-30-544-043,2021,left_only
1319-30-544-044,2021,left_only
1319-30-544-045,2021,left_only
1319-30-544-046,2021,left_only
1319-30-544-047,2021,left_only
1319-30-544-048,2021,left_only
1319-30-544-049,2021,left_only
1319-30-544-050,2021,left_only
1319-30-544-051,2021,left_only
1319-30-544-052,2021,left_only
1319-30-544-053,2021,left_only
1319-30-544-054,2021,left_only
1319-30-613-000,2021,left_only
1319-30-613-001,2021,left_only
1319-30-613-002,2021,left_only
1319-30-613-003,2021,left_only
1319-30-613-004,2021,left_only
1319-30-614-002,2021,left_only
1319-30-615-005,2021,left_only
1319-30-616-000,2021,left_only
1319-30-616-001,2021,left_only
1319-30-616-002,2021,left_only
1319-30-616-003,2021,left_only
1319-30-616-004,2021,left_only
1319-30-616-005,2021,left_only
1319-30-616-006,2021,left_only
1319-30-616-007,2021,left_only
1319-30-616-008,2021,left_only
1319-30-616-009,2021,left_only
1319-30-616-010,2021,left_only
1319-30-616-011,2021,left_only
1319-30-616-012,2021,left_only
1319-30-616-013,2021,left_only
1319-30-616-014,2021,left_only
1319-30-616-015,2021,left_only
1319-30-616-016,2021,left_only
1319-30-616-017,2021,left_only
1319-30-616-019,2021,left_only
1319-30-616-020,2021,left_only
1319-30-617-000,2021,left_only
1319-30-617-001,2021,left_only
1319-30-617-002,2021,left_only
1319-30-617-003,2021,left_only
1319-30-617-005,2021,left_only
1319-30-617-006,2021,left_only
1319-30-617-008,2021,left_only
1319-30-617-009,2021,left_only
1319-30-618-000,2021,left_only
1319-30-618-001,2021,left_only
1319-30-618-002,2021,left_only
1319-30-618-003,2021,left_only
1319-30-618-004,2021,left_only
1319-30-618-005,2021,left_only
1319-30-618-006,2021,left_only
1319-30-618-008,2021,left_only
1319-30-618-009,2021,left_only
1319-30-619-000,2021,left_only
1319-30-619-001,2021,left_only
1319-30-619-003,2021,left_only
1319-30-619-004,2021,left_only
1319-30-620-000,2021,left_only
1319-30-620-001,2021,left_only
1319-30-620-002,2021,left_only
1319-30-620-003,2021,left_only
1319-30-620-004,2021,left_only
1319-30-627-001,2021,left_only
1319-30-627-003,2021,left_only
1319-30-627-004,2021,left_only
1319-30-627-009,2021,left_only
1319-30-627-010,2021,left_only
1319-30-627-011,2021,left_only
1319-30-627-012,2021,left_only
1319-30-627-013,2021,left_only
1319-30-627-014,2021,left_only
1319-30-627-015,2021,left_only
1319-30-627-016,2021,left_only
1319-30-627-018,2021,left_only
1319-30-627-019,2021,left_only
1319-30-627-020,2021,left_only
1319-30-627-021,2021,left_only
1319-30-627-027,2021,left_only
1319-30-627-028,2021,left_only
1319-30-628-000,2021,left_only
1319-30-628-001,2021,left_only
1319-30-628-002,2021,left_only
1319-30-628-003,2021,left_only
1319-30-628-004,2021,left_only
1319-30-628-005,2021,left_only
1319-30-628-007,2021,left_only
1319-30-628-008,2021,left_only
1319-30-628-009,2021,left_only
1319-30-628-010,2021,left_only
1319-30-628-011,2021,left_only
1319-30-628-012,2021,left_only
1319-30-628-013,2021,left_only
1319-30-628-014,2021,left_only
1319-30-628-015,2021,left_only
1319-30-628-016,2021,left_only
1319-30-628-017,2021,left_only
1319-30-628-018,2021,left_only
1319-30-628-019,2021,left_only
1319-30-628-020,2021,left_only
1319-30-628-021,2021,left_only
1319-30-628-022,2021,left_only
1319-30-628-023,2021,left_only
1319-30-628-024,2021,left_only
1319-30-628-025,2021,left_only
1319-30-628-026,2021,left_only
1319-30-628-027,2021,left_only
1319-30-628-028,2021,left_only
1319-30-628-029,2021,left_only
1319-30-628-030,2021,left_only
1319-30-629-000,2021,left_only
1319-30-629-001,2021,left_only
1319-30-629-002,2021,left_only
1319-30-629-003,2021,left_only
1319-30-629-004,2021,left_only
1319-30-629-005,2021,left_only
1319-30-629-006,2021,left_only
1319-30-629-007,2021,left_only
1319-30-629-008,2021,left_only
1319-30-629-009,2021,left_only
1319-30-629-010,2021,left_only
1319-30-629-011,2021,left_only
1319-30-629-012,2021,left_only
1319-30-629-013,2021,left_only
1319-30-629-014,2021,left_only
1319-30-629-015,2021,left_only
1319-30-629-016,2021,left_only
1319-30-629-017,2021,left_only
1319-30-629-018,2021,left_only
1319-30-629-019,2021,left_only
1319-30-629-020,2021,left_only
1319-30-629-021,2021,left_only
1319-30-629-022,2021,left_only
1319-30-629-023,2021,left_only
1319-30-629-024,2021,left_only
1319-30-630-000,2021,left_only
1319-30-630-001,2021,left_only
1319-30-630-002,2021,left_only
1319-30-630-003,2021,left_only
1319-30-630-004,2021,left_only
1319-30-631-000,2021,left_only
1319-30-631-001,2021,left_only
1319-30-631-002,2021,left_only
1319-30-631-003,2021,left_only
1319-30-631-004,2021,left_only
1319-30-631-005,2021,left_only
1319-30-631-006,2021,left_only
1319-30-631-007,2021,left_only
1319-30-631-008,2021,left_only
1319-30-631-009,2021,left_only
1319-30-631-010,2021,left_only
1319-30-631-011,2021,left_only
1319-30-631-012,2021,left_only
1319-30-631-013,2021,left_only
1319-30-631-014,2021,left_only
1319-30-631-015,2021,left_only
1319-30-631-016,2021,left_only
1319-30-631-017,2021,left_only
1319-30-631-018,2021,left_only
1319-30-631-019,2021,left_only
1319-30-631-020,2021,left_only
1319-30-631-021,2021,left_only
1319-30-631-022,2021,left_only
1319-30-631-023,2021,left_only
1319-30-631-024,2021,left_only
1319-30-631-025,2021,left_only
1319-30-631-026,2021,left_only
1319-30-631-027,2021,left_only
1319-30-632-000,2021,left_only
1319-30-632-001,2021,left_only
1319-30-632-002,2021,left_only
1319-30-632-003,2021,left_only
1319-30-632-004,2021,left_only
1319-30-633-000,2021,left_only
1319-30-633-001,2021,left_only
1319-30-633-002,2021,left_only
1319-30-633-003,2021,left_only
1319-30-633-004,2021,left_only
1319-30-634-000,2021,left_only
1319-30-634-001,2021,left_only
1319-30-634-002,2021,left_only
1319-30-634-003,2021,left_only
1319-30-634-004,2021,left_only
1319-30-635-000,2021,left_only
1319-30-635-001,2021,left_only
1319-30-635-002,2021,left_only
1319-30-635-003,2021,left_only
1319-30-635-004,2021,left_only
1319-30-636-000,2021,left_only
1319-30-636-001,2021,left_only
1319-30-636-002,2021,left_only
1319-30-636-003,2021,left_only
1319-30-636-004,2021,left_only
1319-30-637-000,2021,left_only
1319-30-637-002,2021,left_only
1319-30-637-003,2021,left_only
1319-30-637-004,2021,left_only
1319-30-638-000,2021,left_only
1319-30-638-001,2021,left_only
1319-30-638-002,2021,left_only
1319-30-638-003,2021,left_only
1319-30-638-004,2021,left_only
1319-30-639-000,2021,left_only
1319-30-639-001,2021,left_only
1319-30-639-002,2021,left_only
1319-30-639-003,2021,left_only
1319-30-639-004,2021,left_only
1319-30-639-005,2021,left_only
1319-30-639-006,2021,left_only
1319-30-639-007,2021,left_only
1319-30-639-008,2021,left_only
1319-30-639-009,2021,left_only
1319-30-640-000,2021,left_only
1319-30-640-001,2021,left_only
1319-30-640-002,2021,left_only
1319-30-640-003,2021,left_only
1319-30-640-004,2021,left_only
1319-30-641-000,2021,left_only
1319-30-641-001,2021,left_only
1319-30-641-002,2021,left_only
1319-30-641-003,2021,left_only
1319-30-641-004,2021,left_only
1319-30-642-000,2021,left_only
1319-30-642-001,2021,left_only
1319-30-642-002,2021,left_only
1319-30-642-003,2021,left_only
1319-30-642-004,2021,left_only
1319-30-642-005,2021,left_only
1319-30-642-006,2021,left_only
1319-30-642-007,2021,left_only
1319-30-642-008,2021,left_only
1319-30-643-000,2021,left_only
1319-30-643-001,2021,left_only
1319-30-643-002,2021,left_only
1319-30-643-003,2021,left_only
1319-30-643-004,2021,left_only
1319-30-643-005,2021,left_only
1319-30-643-006,2021,left_only
1319-30-643-007,2021,left_only
1319-30-643-008,2021,left_only
1319-30-643-009,2021,left_only
1319-30-643-010,2021,left_only
1319-30-643-011,2021,left_only
1319-30-643-012,2021,left_only
1319-30-643-013,2021,left_only
1319-30-643-014,2021,left_only
1319-30-643-015,2021,left_only
1319-30-643-016,2021,left_only
1319-30-643-018,2021,left_only
1319-30-643-019,2021,left_only
1319-30-643-020,2021,left_only
1319-30-643-021,2021,left_only
1319-30-643-022,2021,left_only
1319-30-643-023,2021,left_only
1319-30-643-024,2021,left_only
1319-30-643-025,2021,left_only
1319-30-643-026,2021,left_only
1319-30-643-027,2021,left_only
1319-30-643-028,2021,left_only
1319-30-643-029,2021,left_only
1319-30-643-030,2021,left_only
1319-30-643-031,2021,left_only
1319-30-643-032,2021,left_only
1319-30-643-033,2021,left_only
1319-30-643-034,2021,left_only
1319-30-643-035,2021,left_only
1319-30-643-036,2021,left_only
1319-30-643-037,2021,left_only
1319-30-643-038,2021,left_only
1319-30-643-039,2021,left_only
1319-30-643-040,2021,left_only
1319-30-643-041,2021,left_only
1319-30-643-042,2021,left_only
1319-30-643-043,2021,left_only
1319-30-643-044,2021,left_only
1319-30-643-045,2021,left_only
1319-30-643-046,2021,left_only
1319-30-643-047,2021,left_only
1319-30-643-048,2021,left_only
1319-30-643-049,2021,left_only
1319-30-643-050,2021,left_only
1319-30-643-051,2021,left_only
1319-30-643-052,2021,left_only
1319-30-643-053,2021,left_only
1319-30-643-054,2021,left_only
1319-30-643-055,2021,left_only
1319-30-643-056,2021,left_only
1319-30-643-057,2021,left_only
1319-30-643-058,2021,left_only
1319-30-643-059,2021,left_only
1319-30-644-000,2021,left_only
1319-30-644-001,2021,left_only
1319-30-644-002,2021,left_only
1319-30-644-003,2021,left_only
1319-30-644-004,2021,left_only
1319-30-644-005,2021,left_only
1319-30-644-006,2021,left_only
1319-30-644-007,2021,left_only
1319-30-644-008,2021,left_only
1319-30-644-009,2021,left_only
1319-30-644-010,2021,left_only
1319-30-644-011,2021,left_only
1319-30-644-012,2021,left_only
1319-30-644-013,2021,left_only
1319-30-644-014,2021,left_only
1319-30-644-015,2021,left_only
1319-30-644-016,2021,left_only
1319-30-644-017,2021,left_only
1319-30-644-018,2021,left_only
1319-30-644-019,2021,left_only
1319-30-644-020,2021,left_only
1319-30-644-021,2021,left_only
1319-30-644-022,2021,left_only
1319-30-644-023,2021,left_only
1319-30-644-024,2021,left_only
1319-30-644-025,2021,left_only
1319-30-644-026,2021,left_only
1319-30-644-027,2021,left_only
1319-30-644-028,2021,left_only
1319-30-644-029,2021,left_only
1319-30-644-030,2021,left_only
1319-30-644-031,2021,left_only
1319-30-644-032,2021,left_only
1319-30-644-033,2021,left_only
1319-30-644-034,2021,left_only
1319-30-644-035,2021,left_only
1319-30-644-036,2021,left_only
1319-30-644-037,2021,left_only
1319-30-644-038,2021,left_only
1319-30-644-039,2021,left_only
1319-30-644-040,2021,left_only
1319-30-644-041,2021,left_only
1319-30-644-042,2021,left_only
1319-30-644-043,2021,left_only
1319-30-644-044,2021,left_only
1319-30-644-045,2021,left_only
1319-30-644-046,2021,left_only
1319-30-644-047,2021,left_only
1319-30-644-048,2021,left_only
1319-30-644-049,2021,left_only
1319-30-644-050,2021,left_only
1319-30-644-051,2021,left_only
1319-30-644-052,2021,left_only
1319-30-644-053,2021,left_only
1319-30-644-054,2021,left_only
1319-30-644-055,2021,left_only
1319-30-644-056,2021,left_only
1319-30-644-057,2021,left_only
1319-30-644-058,2021,left_only
1319-30-644-059,2021,left_only
1319-30-644-060,2021,left_only
1319-30-644-061,2021,left_only
1319-30-644-062,2021,left_only
1319-30-644-063,2021,left_only
1319-30-644-064,2021,left_only
1319-30-644-065,2021,left_only
1319-30-644-066,2021,left_only
1319-30-644-067,2021,left_only
1319-30-644-068,2021,left_only
1319-30-644-069,2021,left_only
1319-30-644-070,2021,left_only
1319-30-644-071,2021,left_only
1319-30-644-072,2021,left_only
1319-30-644-073,2021,left_only
1319-30-644-074,2021,left_only
1319-30-644-075,2021,left_only
1319-30-644-076,2021,left_only
1319-30-644-077,2021,left_only
1319-30-644-078,2021,left_only
1319-30-644-079,2021,left_only
1319-30-644-080,2021,left_only
1319-30-644-081,2021,left_only
1319-30-644-082,2021,left_only
1319-30-644-083,2021,left_only
1319-30-644-084,2021,left_only
1319-30-644-085,2021,left_only
1319-30-644-086,2021,left_only
1319-30-644-087,2021,left_only
1319-30-644-088,2021,left_only
1319-30-644-089,2021,left_only
1319-30-644-090,2021,left_only
1319-30-644-091,2021,left_only
1319-30-644-092,2021,left_only
1319-30-644-093,2021,left_only
1319-30-644-094,2021,left_only
1319-30-644-095,2021,left_only
1319-30-644-096,2021,left_only
1319-30-644-097,2021,left_only
1319-30-644-098,2021,left_only
1319-30-644-099,2021,left_only
1319-30-644-100,2021,left_only
1319-30-644-101,2021,left_only
1319-30-644-102,2021,left_only
1319-30-644-103,2021,left_only
1319-30-644-104,2021,left_only
1319-30-644-105,2021,left_only
1319-30-644-106,2021,left_only
1319-30-644-107,2021,left_only
1319-30-644-108,2021,left_only
1319-30-644-109,2021,left_only
1319-30-644-110,2021,left_only
1319-30-644-111,2021,left_only
1319-30-644-112,2021,left_only
1319-30-644-113,2021,left_only
1319-30-644-114,2021,left_only
1319-30-644-115,2021,left_only
1319-30-644-116,2021,left_only
1319-30-645-001,2021,left_only
1319-30-645-002,2021,left_only
1319-30-645-003,2021,left_only
1319-30-645-004,2021,left_only
1319-30-645-005,2021,left_only
1319-30-710-000,2021,left_only
1319-30-710-002,2021,left_only
1319-30-710-003,2021,left_only
1319-30-710-004,2021,left_only
1319-30-710-005,2021,left_only
1319-30-710-006,2021,left_only
1319-30-710-008,2021,left_only
1319-30-710-009,2021,left_only
1319-30-710-010,2021,left_only
1319-30-710-011,2021,left_only
1319-30-710-012,2021,left_only
1319-30-710-014,2021,left_only
1319-30-710-015,2021,left_only
1319-30-710-016,2021,left_only
1319-30-710-017,2021,left_only
1319-30-710-018,2021,left_only
1319-30-711-001,2021,left_only
1319-30-711-002,2021,left_only
1319-30-712-001,2021,left_only
1319-30-712-002,2021,left_only
1319-30-712-003,2021,left_only
1319-30-712-004,2021,left_only
1319-30-712-005,2021,left_only
1319-30-712-006,2021,left_only
1319-30-712-007,2021,left_only
1319-30-712-008,2021,left_only
1319-30-712-009,2021,left_only
1319-30-712-010,2021,left_only
1319-30-713-000,2021,left_only
1319-30-713-001,2021,left_only
1319-30-713-002,2021,left_only
1319-30-713-003,2021,left_only
1319-30-713-004,2021,left_only
1319-30-714-000,2021,left_only
1319-30-714-001,2021,left_only
1319-30-714-002,2021,left_only
1319-30-714-003,2021,left_only
1319-30-714-004,2021,left_only
1319-30-715-000,2021,left_only
1319-30-715-001,2021,left_only
1319-30-715-002,2021,left_only
1319-30-715-003,2021,left_only
1319-30-715-004,2021,left_only
1319-30-716-000,2021,left_only
1319-30-716-001,2021,left_only
1319-30-716-002,2021,left_only
1319-30-716-003,2021,left_only
1319-30-717-000,2021,left_only
1319-30-717-001,2021,left_only
1319-30-717-002,2021,left_only
1319-30-717-003,2021,left_only
1319-30-717-004,2021,left_only
1319-30-718-000,2021,left_only
1319-30-718-001,2021,left_only
1319-30-718-002,2021,left_only
1319-30-718-003,2021,left_only
1319-30-718-004,2021,left_only
1319-30-719-000,2021,left_only
1319-30-719-001,2021,left_only
1319-30-719-002,2021,left_only
1319-30-719-003,2021,left_only
1319-30-719-004,2021,left_only
1319-30-719-005,2021,left_only
1319-30-719-006,2021,left_only
1319-30-719-007,2021,left_only
1319-30-719-008,2021,left_only
1319-30-719-009,2021,left_only
1319-30-719-010,2021,left_only
1319-30-719-011,2021,left_only
1319-30-719-012,2021,left_only
1319-30-719-014,2021,left_only
1319-30-719-015,2021,left_only
1319-30-719-016,2021,left_only
1319-30-720-001,2021,left_only
1319-30-720-002,2021,left_only
1319-30-720-003,2021,left_only
1319-30-720-004,2021,left_only
1319-30-721-000,2021,left_only
1319-30-721-001,2021,left_only
1319-30-721-002,2021,left_only
1319-30-721-003,2021,left_only
1319-30-721-005,2021,left_only
1319-30-721-006,2021,left_only
1319-30-721-007,2021,left_only
1319-30-721-008,2021,left_only
1319-30-721-009,2021,left_only
1319-30-721-010,2021,left_only
1319-30-721-011,2021,left_only
1319-30-721-012,2021,left_only
1319-30-721-013,2021,left_only
1319-30-721-014,2021,left_only
1319-30-721-015,2021,left_only
1319-30-721-016,2021,left_only
1319-30-721-017,2021,left_only
1319-30-721-018,2021,left_only
1319-30-721-019,2021,left_only
1319-30-721-020,2021,left_only
1319-30-721-021,2021,left_only
1319-30-722-000,2021,left_only
1319-30-722-001,2021,left_only
1319-30-722-002,2021,left_only
1319-30-722-003,2021,left_only
1319-30-722-004,2021,left_only
1319-30-722-005,2021,left_only
1319-30-722-006,2021,left_only
1319-30-722-007,2021,left_only
1319-30-722-008,2021,left_only
1319-30-722-009,2021,left_only
1319-30-722-010,2021,left_only
1319-30-722-011,2021,left_only
1319-30-722-012,2021,left_only
1319-30-722-013,2021,left_only
1319-30-722-014,2021,left_only
1319-30-722-015,2021,left_only
1319-30-722-016,2021,left_only
1319-30-722-017,2021,left_only
1319-30-722-018,2021,left_only
1319-30-722-019,2021,left_only
1319-30-722-020,2021,left_only
1319-30-722-021,2021,left_only
1319-30-723-000,2021,left_only
1319-30-723-001,2021,left_only
1319-30-723-002,2021,left_only
1319-30-723-003,2021,left_only
1319-30-723-004,2021,left_only
1319-30-723-005,2021,left_only
1319-30-723-006,2021,left_only
1319-30-723-007,2021,left_only
1319-30-723-008,2021,left_only
1319-30-723-009,2021,left_only
1319-30-723-010,2021,left_only
1319-30-723-011,2021,left_only
1319-30-723-012,2021,left_only
1319-30-723-013,2021,left_only
1319-30-723-014,2021,left_only
1319-30-723-015,2021,left_only
1319-30-723-016,2021,left_only
1319-30-723-017,2021,left_only
1319-30-723-018,2021,left_only
1319-30-723-019,2021,left_only
1319-30-723-020,2021,left_only
1319-30-723-021,2021,left_only
1319-30-724-000,2021,left_only
1319-30-724-001,2021,left_only
1319-30-724-002,2021,left_only
1319-30-724-003,2021,left_only
1319-30-724-004,2021,left_only
1319-30-724-005,2021,left_only
1319-30-724-006,2021,left_only
1319-30-724-007,2021,left_only
1319-30-724-008,2021,left_only
1319-30-724-009,2021,left_only
1319-30-724-010,2021,left_only
1319-30-724-011,2021,left_only
1319-30-724-012,2021,left_only
1319-30-724-013,2021,left_only
1319-30-724-014,2021,left_only
1319-30-724-015,2021,left_only
1319-30-724-016,2021,left_only
1319-30-724-017,2021,left_only
1319-30-724-018,2021,left_only
1319-30-724-019,2021,left_only
1319-30-724-020,2021,left_only
1319-30-724-021,2021,left_only
1319-30-724-022,2021,left_only
1319-30-724-023,2021,left_only
1319-30-724-024,2021,left_only
1319-30-724-025,2021,left_only
1319-30-724-026,2021,left_only
1319-30-724-027,2021,left_only
1319-30-724-028,2021,left_only
1319-30-724-029,2021,left_only
1319-30-724-030,2021,left_only
1319-30-724-031,2021,left_only
1319-30-724-032,2021,left_only
1319-30-724-033,2021,left_only
1319-30-724-034,2021,left_only
1319-30-724-035,2021,left_only
1319-30-724-036,2021,left_only
1319-30-724-037,2021,left_only
1319-30-724-038,2021,left_only
1319-30-724-039,2021,left_only
132-030-44,2021,left_only
132-030-47,2021,left_only
132-030-80,2021,left_only
132-043-05,2021,left_only
132-053-24,2021,left_only
132-063-02,2021,left_only
132-063-18,2021,left_only
132-066-44,2021,left_only
132-191-02,2021,left_only
132-211-19,2021,left_only
132-212-02,2021,left_only
132-222-16,2021,left_only
132-222-18,2021,left_only
132-231-05,2021,left_only
132-231-26,2021,left_only
132-240-11,2021,left_only
132-251-02,2021,left_only
132-252-04,2021,left_only
132-260-03,2021,left_only
132-280-02,2021,left_only
132-320-01,2021,left_only
132-350-04,2021,left_only
132-370-03,2021,left_only
132-390-02,2021,left_only
132-611-05,2021,left_only
1418-03-710-001,2021,left_only
1418-10-511-020,2021,left_only
1418-10-810-002,2021,left_only
1418-10-810-007,2021,left_only
1418-15-501-001,2021,left_only
1418-22-611-010,2021,left_only
1418-27-601-008,2021,left_only
1418-27-710-010,2021,left_only
1418-34-101-003,2021,left_only
1418-34-111-013,2021,left_only
1418-34-111-026,2021,left_only
1418-34-111-034,2021,left_only
1418-34-113-010,2021,left_only
1418-34-211-044,2021,left_only
1418-34-304-003,2021,left_only
1418-34-304-007,2021,left_only
1418-34-401-005,2021,left_only
1419-00-001-001,2021,left_only
1419-00-002-004,2021,left_only
1419-00-002-005,2021,left_only
1419-00-002-006,2021,left_only
1419-00-002-009,2021,left_only
1419-06-000-002,2021,left_only
510-100-00,2021,left_only
530-100-00,2021,left_only
560-101-00,2021,left_only
600-000-00,2021,left_only
881-035-002,2021,left_only
